num_resources,availability_probability,qty_assignments,qual_assignments,w_assignments,qty_assignment_value,qual_assignment_value,w_assignment_value,qty_highest_priority,qual_highest_priority,w_highest_priority,qty_secondary_priority,qual_secondary_priority,w_secondary_priority,qty_time,qual_time,w_time
4,0.3,4.0,4.0,4.0,6.74,7.39,13.23,3.51,3.51,0.02,0.26666666666666666,0.26666666666666666,1.9033333333333333,0.000419998168945295,0.000665855407714821,0.00033754348754881
4,0.45,4.0,4.0,4.0,6.18,7.02,13.56,3.88,3.88,0.03,0.05333333333333333,0.05333333333333333,2.0066666666666664,0.0005034518241882121,0.0012541151046752623,0.000493474006652808
4,0.6,4.0,4.0,4.0,6.13,7.13,13.87,3.97,3.97,0.01,0.02,0.02,2.0466666666666664,0.001156656742095908,0.0024051713943481,0.000643455982208226
7,0.3,7.0,7.0,7.0,14.21,15.22,22.07,4.79,4.79,0.16,1.25,1.2266666666666668,2.9266666666666663,0.001975238323211633,0.00236196517944332,0.000551149845123266
7,0.45,7.0,7.0,7.0,14.34,16.17,22.91,4.97,4.97,0.06,1.2866666666666666,1.2666666666666666,3.0866666666666664,0.0037337636947631357,0.004286270141601508,0.00156681299209591
7,0.6,7.0,7.0,7.0,14.47,16.97,23.29,5.0,5.0,0.01,1.2933333333333334,1.2866666666666666,3.15,0.004032280445098826,0.004469249248504587,0.003285081386566111
10,0.3,10.0,10.0,10.0,22.54,25.28,30.49,4.96,4.96,0.35,2.5,2.483333333333333,3.7366666666666664,0.0034079575538634786,0.0035061311721801304,0.001153726577758749
10,0.45,10.0,10.0,10.0,22.5,26.64,31.75,5.0,5.0,0.12,2.52,2.5066666666666664,4.04,0.004081981182098335,0.004337854385375925,0.003638284206390333
10,0.6,10.0,10.0,10.0,22.67,27.26,32.3,5.0,5.0,0.04,2.52,2.52,4.126666666666667,0.004948418140411325,0.005459139347076365,0.004313464164733832
