seed,qty_value,qty_critical,qty_vulnerable,qual_value,qual_critical,qual_vulnerable,w_value,w_critical,w_vulnerable
0,0.76,4,1,1.38,4,1,1.77,1,1
1,0.56,4,2,0.98,4,2,1.7999999999999998,0,1
2,1.01,5,0,1.16,5,0,1.7699999999999998,2,1
3,1.02,5,0,1.21,5,0,1.7999999999999998,2,1
4,0.77,4,0,1.5999999999999999,4,0,1.7999999999999998,2,0
5,0.7699999999999999,4,0,1.5799999999999998,4,0,1.7999999999999998,2,1
6,0.9500000000000001,4,1,1.41,4,1,1.6300000000000001,2,2
7,0.5650000000000001,4,0,1.0999999999999999,4,0,1.7999999999999998,0,2
8,0.8799999999999999,4,0,1.4899999999999998,4,0,1.7999999999999998,1,0
9,0.99,4,0,1.5499999999999998,4,0,1.7999999999999998,2,0
10,0.7,4,2,1.48,4,2,1.8,1,1
11,0.78,4,1,1.72,4,1,1.7999999999999998,3,2
12,0.825,4,0,1.3,4,0,1.7999999999999998,2,1
13,0.6749999999999999,4,0,1.3499999999999999,4,0,1.7999999999999998,0,2
14,0.51,4,0,1.52,4,0,1.7999999999999998,1,1
15,0.52,4,1,1.3900000000000001,4,1,1.7999999999999998,0,2
16,0.8699999999999999,4,0,1.5999999999999999,4,0,1.7999999999999998,2,0
17,1.0999999999999999,4,1,1.44,4,1,1.7999999999999998,1,1
18,0.6799999999999999,4,0,1.46,4,0,1.7999999999999998,1,2
19,0.99,4,0,1.33,4,0,1.8,1,2
20,0.7899999999999999,4,1,1.4000000000000001,4,1,1.7999999999999998,1,0
21,0.7799999999999999,4,1,1.46,4,1,1.7999999999999998,1,2
22,0.6799999999999999,5,0,1.31,5,0,1.7999999999999998,1,0
23,0.7699999999999999,4,0,1.5499999999999998,4,0,1.7999999999999998,1,2
24,0.54,4,1,1.3399999999999999,4,1,1.7999999999999998,0,2
25,0.63,4,0,1.5,4,0,1.7999999999999998,1,1
26,0.94,5,0,1.26,5,0,1.8,0,2
27,0.69,4,1,1.4699999999999998,4,1,1.7999999999999998,1,0
28,0.9299999999999999,4,0,1.38,4,0,1.7999999999999998,1,2
29,0.9500000000000002,4,0,1.5999999999999999,4,0,1.7999999999999998,2,0
