seed,availability_probability,status,qty_assignments,qty_assignment_value,qty_highest_priority,qty_secondary_priority,qual_assignments,qual_assignment_value,qual_highest_priority,qual_secondary_priority,w_assignments,w_assignment_value,w_highest_priority,w_secondary_priority,qty_time,qual_time,w_time
0,0.3,optimal,7,16,5,1.3333333333333333,7,16,5,1.3333333333333333,7,22,0,2.6666666666666665,0.0010001659393310547,0.0009772777557373047,0.0
1,0.3,optimal,7,15,5,1.0,7,15,5,1.0,7,23,0,3.0,0.004986286163330078,0.0024034976959228516,0.0
2,0.3,optimal,7,10,5,0.6666666666666666,7,11,5,0.6666666666666666,7,20,0,2.0,0.0,0.000982522964477539,0.0
3,0.3,optimal,7,14,5,1.3333333333333333,7,14,5,1.3333333333333333,7,24,0,3.6666666666666665,0.00099945068359375,0.0,0.0010004043579101562
4,0.3,optimal,7,12,5,1.3333333333333333,7,16,5,1.3333333333333333,7,23,0,3.0,0.003484487533569336,0.002000093460083008,0.0
5,0.3,optimal,7,14,4,1.3333333333333333,7,17,4,1.3333333333333333,7,22,0,3.0,0.002000570297241211,0.0009975433349609375,0.0
6,0.3,optimal,7,15,5,1.3333333333333333,7,15,5,1.3333333333333333,7,23,0,3.3333333333333335,0.0010077953338623047,0.002491474151611328,0.0
7,0.3,optimal,7,15,5,1.3333333333333333,7,16,5,1.3333333333333333,7,23,0,3.0,0.010702133178710938,0.0015070438385009766,0.0
8,0.3,optimal,7,11,5,0.6666666666666666,7,12,5,0.6666666666666666,7,22,0,2.6666666666666665,0.0009777545928955078,0.0010209083557128906,0.0009813308715820312
9,0.3,optimal,7,12,5,1.3333333333333333,7,14,5,1.0,7,22,0,2.6666666666666665,0.004014730453491211,0.0039997100830078125,0.0
10,0.3,optimal,7,15,4,1.3333333333333333,7,16,4,1.3333333333333333,7,19,0,2.0,0.0,0.0023636817932128906,0.0
11,0.3,optimal,7,18,4,1.6666666666666667,7,18,4,1.6666666666666667,7,21,1,3.0,0.0035238265991210938,0.0015664100646972656,0.0005054473876953125
12,0.3,optimal,7,12,5,0.6666666666666666,7,13,5,0.6666666666666666,7,19,0,2.3333333333333335,0.0009999275207519531,0.0034019947052001953,0.0009887218475341797
13,0.3,optimal,7,15,4,1.3333333333333333,7,15,4,1.3333333333333333,7,22,0,2.6666666666666665,0.0,0.0009968280792236328,0.0009968280792236328
14,0.3,optimal,7,14,5,1.3333333333333333,7,17,5,1.3333333333333333,7,23,0,3.0,0.0031805038452148438,0.003978252410888672,0.0
15,0.3,optimal,7,17,4,1.6666666666666667,7,17,4,1.6666666666666667,7,22,0,3.0,0.0009987354278564453,0.0,0.0
16,0.3,optimal,7,14,5,1.3333333333333333,7,14,5,1.3333333333333333,7,21,1,3.0,0.0010085105895996094,0.0,0.0010025501251220703
17,0.3,optimal,7,12,5,0.6666666666666666,7,13,5,0.6666666666666666,7,21,0,2.3333333333333335,0.0010001659393310547,0.0,0.0
18,0.3,optimal,7,15,5,1.0,7,15,5,1.0,7,21,0,2.6666666666666665,0.0,0.0,0.0
19,0.3,optimal,7,12,5,1.0,7,14,5,1.0,7,21,0,2.6666666666666665,0.0009968280792236328,0.00099945068359375,0.000995635986328125
20,0.3,optimal,7,12,5,1.0,7,14,5,1.0,7,23,0,3.0,0.0009987354278564453,0.002001047134399414,0.0
21,0.3,optimal,7,14,5,1.3333333333333333,7,14,5,1.3333333333333333,7,23,0,3.3333333333333335,0.0,0.0009987354278564453,0.0
22,0.3,optimal,7,13,4,1.0,7,15,4,1.0,7,21,0,2.3333333333333335,0.0,0.002001047134399414,0.0
23,0.3,optimal,7,14,5,1.0,7,16,5,1.0,7,22,0,3.0,0.0009982585906982422,0.003000020980834961,0.0
24,0.3,optimal,7,14,4,1.3333333333333333,7,17,4,1.3333333333333333,7,23,0,3.3333333333333335,0.0010013580322265625,0.0010001659393310547,0.0
25,0.3,optimal,7,12,5,0.6666666666666666,7,13,5,0.6666666666666666,7,21,0,2.3333333333333335,0.001001596450805664,0.0,0.0
26,0.3,optimal,7,12,5,1.3333333333333333,7,14,5,1.3333333333333333,7,21,0,2.6666666666666665,0.0025568008422851562,0.0019960403442382812,0.0
27,0.3,optimal,7,13,5,1.0,7,14,5,1.0,7,25,0,3.6666666666666665,0.0,0.0009996891021728516,0.0009987354278564453
28,0.3,optimal,7,14,5,1.6666666666666667,7,17,5,1.3333333333333333,7,24,0,3.3333333333333335,0.0030167102813720703,0.004163503646850586,0.0
29,0.3,optimal,7,15,5,1.0,7,16,5,1.0,7,21,0,2.3333333333333335,0.0,0.003008604049682617,0.0
30,0.3,optimal,7,11,5,1.3333333333333333,7,14,5,1.3333333333333333,7,23,0,3.3333333333333335,0.002995014190673828,0.003515958786010742,0.0009963512420654297
31,0.3,optimal,7,17,5,1.6666666666666667,7,17,5,1.6666666666666667,7,25,1,3.6666666666666665,0.0009999275207519531,0.0,0.0
32,0.3,optimal,7,12,5,1.3333333333333333,7,14,5,1.0,7,20,0,2.6666666666666665,0.003116607666015625,0.003006458282470703,0.001009225845336914
33,0.3,optimal,7,14,5,1.3333333333333333,7,14,5,1.3333333333333333,7,24,0,3.6666666666666665,0.0012629032135009766,0.0010170936584472656,0.0
34,0.3,optimal,7,14,4,1.3333333333333333,7,16,4,1.3333333333333333,7,20,0,2.3333333333333335,0.0,0.0009982585906982422,0.0009958744049072266
35,0.3,optimal,7,13,5,1.0,7,14,5,1.0,7,23,0,3.0,0.0009984970092773438,0.0,0.0011410713195800781
36,0.3,optimal,7,17,4,1.6666666666666667,7,17,4,1.6666666666666667,7,22,0,3.0,0.0010001659393310547,0.0,0.0009808540344238281
37,0.3,optimal,7,16,5,1.3333333333333333,7,17,5,1.3333333333333333,7,21,2,2.3333333333333335,0.0029747486114501953,0.003610372543334961,0.0
38,0.3,optimal,7,18,4,2.0,7,19,4,2.0,7,24,0,3.6666666666666665,0.0009958744049072266,0.0019958019256591797,0.0
39,0.3,optimal,7,14,4,1.0,7,15,4,1.0,7,20,1,2.3333333333333335,0.0,0.0009944438934326172,0.0
40,0.3,optimal,7,16,5,1.0,7,16,5,1.0,7,22,0,3.0,0.0009999275207519531,0.0,0.0
41,0.3,optimal,7,15,5,1.3333333333333333,7,16,5,1.3333333333333333,7,22,0,3.3333333333333335,0.0030138492584228516,0.003115415573120117,0.0009984970092773438
42,0.3,optimal,7,14,5,1.0,7,15,5,1.0,7,21,0,2.6666666666666665,0.00118255615234375,0.001999378204345703,0.0
43,0.3,optimal,7,13,4,1.0,7,16,4,1.0,7,20,0,2.0,0.0009999275207519531,0.001420736312866211,0.0010066032409667969
44,0.3,optimal,7,13,5,1.3333333333333333,7,14,5,1.3333333333333333,7,22,0,3.0,0.0010001659393310547,0.0019953250885009766,0.0009970664978027344
45,0.3,optimal,7,16,4,2.0,7,16,4,2.0,7,22,1,3.0,0.0010166168212890625,0.0030312538146972656,0.0
46,0.3,optimal,7,14,5,1.3333333333333333,7,16,5,1.3333333333333333,7,25,0,4.0,0.0030019283294677734,0.008293867111206055,0.0
47,0.3,optimal,7,16,5,1.0,7,16,5,1.0,7,23,0,3.3333333333333335,0.0029909610748291016,0.003541707992553711,0.0
48,0.3,optimal,7,15,5,1.3333333333333333,7,16,5,1.0,7,23,0,3.3333333333333335,0.0,0.0009970664978027344,0.0
49,0.3,optimal,7,16,5,1.6666666666666667,7,16,5,1.6666666666666667,7,23,0,3.6666666666666665,0.0009999275207519531,0.0020956993103027344,0.0009920597076416016
50,0.3,optimal,7,13,5,1.3333333333333333,7,13,5,1.3333333333333333,7,23,0,3.3333333333333335,0.0,0.002172231674194336,0.0
51,0.3,optimal,7,13,5,1.0,7,14,5,1.0,7,22,0,2.6666666666666665,0.0030117034912109375,0.0020647048950195312,0.0
52,0.3,optimal,7,12,5,0.6666666666666666,7,13,5,0.6666666666666666,7,21,0,3.0,0.0029840469360351562,0.003172636032104492,0.0009980201721191406
53,0.3,optimal,7,18,5,1.6666666666666667,7,18,5,1.6666666666666667,7,24,0,3.3333333333333335,0.002981901168823242,0.0009984970092773438,0.0012211799621582031
54,0.3,optimal,7,15,5,1.3333333333333333,7,15,5,1.3333333333333333,7,23,0,3.0,0.002977132797241211,0.003957986831665039,0.0
55,0.3,optimal,7,15,5,1.0,7,15,5,1.0,7,22,0,2.6666666666666665,0.0009968280792236328,0.0039825439453125,0.0009987354278564453
56,0.3,optimal,7,14,5,1.0,7,15,5,1.0,7,22,0,2.6666666666666665,0.0009999275207519531,0.003989219665527344,0.0009865760803222656
57,0.3,optimal,7,15,5,1.3333333333333333,7,16,5,1.0,7,22,0,2.6666666666666665,0.000997304916381836,0.0009989738464355469,0.0
58,0.3,optimal,7,15,4,1.6666666666666667,7,17,4,1.3333333333333333,7,22,0,2.6666666666666665,0.0009980201721191406,0.003991842269897461,0.0
59,0.3,optimal,7,12,5,1.0,7,12,5,1.0,7,21,0,3.0,0.0009965896606445312,0.0009992122650146484,0.0009989738464355469
60,0.3,optimal,7,15,5,1.0,7,15,5,1.0,7,23,0,3.3333333333333335,0.0,0.0009999275207519531,0.0
61,0.3,optimal,7,16,5,1.6666666666666667,7,16,5,1.6666666666666667,7,22,0,3.3333333333333335,0.0031130313873291016,0.003128528594970703,0.001316070556640625
62,0.3,optimal,7,17,5,1.6666666666666667,7,17,5,1.6666666666666667,7,25,0,3.6666666666666665,0.0,0.0009999275207519531,0.0
63,0.3,optimal,7,14,5,1.3333333333333333,7,16,5,1.0,7,22,0,3.3333333333333335,0.004034996032714844,0.002009153366088867,0.0010001659393310547
64,0.3,optimal,7,13,5,1.3333333333333333,7,16,5,1.3333333333333333,7,23,0,3.6666666666666665,0.003367185592651367,0.0038366317749023438,0.0010807514190673828
65,0.3,optimal,7,14,5,1.3333333333333333,7,16,5,1.3333333333333333,7,23,0,3.3333333333333335,0.0029976367950439453,0.0019996166229248047,0.0
66,0.3,optimal,7,14,3,1.6666666666666667,7,16,3,1.6666666666666667,7,21,0,2.3333333333333335,0.0010027885437011719,0.0029783248901367188,0.0
67,0.3,optimal,7,16,5,1.3333333333333333,7,16,5,1.3333333333333333,7,21,1,2.6666666666666665,0.0,0.0010042190551757812,0.0
68,0.3,optimal,7,14,5,1.0,7,14,5,1.0,7,22,0,2.6666666666666665,0.0010638236999511719,0.0013513565063476562,0.001634359359741211
69,0.3,optimal,7,15,5,1.6666666666666667,7,16,5,1.6666666666666667,7,24,0,3.6666666666666665,0.003983974456787109,0.0022687911987304688,0.0010039806365966797
70,0.3,optimal,7,14,5,1.0,7,15,5,1.0,7,21,1,2.3333333333333335,0.003981351852416992,0.0020029544830322266,0.0010178089141845703
71,0.3,optimal,7,14,5,1.3333333333333333,7,14,5,1.3333333333333333,7,21,0,3.6666666666666665,0.0029997825622558594,0.0025653839111328125,0.000986337661743164
72,0.3,optimal,7,14,5,1.3333333333333333,7,14,5,1.3333333333333333,7,23,0,3.0,0.0,0.0010001659393310547,0.0
73,0.3,optimal,7,13,5,1.0,7,14,5,1.0,7,21,0,2.6666666666666665,0.00099945068359375,0.0010039806365966797,0.000997781753540039
74,0.3,optimal,7,17,5,1.6666666666666667,7,17,5,1.6666666666666667,7,22,0,3.3333333333333335,0.0030078887939453125,0.0039975643157958984,0.0
75,0.3,optimal,7,14,5,1.3333333333333333,7,14,5,1.3333333333333333,7,25,0,3.6666666666666665,0.0030002593994140625,0.002012968063354492,0.0
76,0.3,optimal,7,17,5,1.6666666666666667,7,17,5,1.6666666666666667,7,23,0,3.6666666666666665,0.0030100345611572266,0.002000093460083008,0.0
77,0.3,optimal,7,14,5,0.6666666666666666,7,15,5,0.6666666666666666,7,20,2,2.3333333333333335,0.0,0.0010001659393310547,0.0
78,0.3,optimal,7,12,5,1.0,7,14,5,1.0,7,21,0,2.3333333333333335,0.0029993057250976562,0.0030002593994140625,0.0
79,0.3,optimal,7,13,5,1.0,7,14,5,1.0,7,22,1,2.6666666666666665,0.004000186920166016,0.0009953975677490234,0.0009849071502685547
80,0.3,optimal,7,13,5,1.0,7,15,5,1.0,7,22,0,2.6666666666666665,0.0030074119567871094,0.004002571105957031,0.000993967056274414
81,0.3,optimal,7,14,5,1.3333333333333333,7,14,5,1.3333333333333333,7,21,0,2.3333333333333335,0.0012748241424560547,0.0010035037994384766,0.0
82,0.3,optimal,7,15,5,1.0,7,15,5,1.0,7,21,0,2.6666666666666665,0.003000497817993164,0.0021080970764160156,0.0010688304901123047
83,0.3,optimal,7,14,5,1.3333333333333333,7,14,5,1.3333333333333333,7,22,0,3.3333333333333335,0.0009999275207519531,0.0,0.0009984970092773438
84,0.3,optimal,7,14,5,1.3333333333333333,7,14,5,1.3333333333333333,7,21,1,2.6666666666666665,0.0,0.0009999275207519531,0.0
85,0.3,optimal,7,15,5,1.3333333333333333,7,17,5,1.3333333333333333,7,23,0,3.0,0.003350496292114258,0.0020341873168945312,0.0
86,0.3,optimal,7,15,4,1.6666666666666667,7,18,4,1.6666666666666667,7,22,0,2.6666666666666665,0.003016233444213867,0.001003265380859375,0.0010447502136230469
87,0.3,optimal,7,13,5,0.6666666666666666,7,14,5,0.6666666666666666,7,20,0,2.0,0.0039899349212646484,0.0020246505737304688,0.0
88,0.3,optimal,7,14,4,1.6666666666666667,7,17,4,1.6666666666666667,7,24,0,3.3333333333333335,0.0030002593994140625,0.002983570098876953,0.0009996891021728516
89,0.3,optimal,7,16,4,1.3333333333333333,7,16,4,1.3333333333333333,7,22,0,2.6666666666666665,0.0,0.002993345260620117,0.0009982585906982422
90,0.3,optimal,7,12,5,0.6666666666666666,7,14,5,0.6666666666666666,7,20,0,2.0,0.0009999275207519531,0.0010001659393310547,0.0
91,0.3,optimal,7,16,5,1.3333333333333333,7,17,5,1.3333333333333333,7,22,0,3.0,0.0033674240112304688,0.002005338668823242,0.0
92,0.3,optimal,7,13,5,1.0,7,14,5,1.0,7,22,0,3.0,0.0,0.0020017623901367188,0.0
93,0.3,optimal,7,16,5,1.6666666666666667,7,16,5,1.6666666666666667,7,24,0,3.6666666666666665,0.0009996891021728516,0.0009932518005371094,0.0
94,0.3,optimal,7,17,4,2.0,7,18,4,2.0,7,22,1,3.0,0.0030007362365722656,0.003002166748046875,0.0
95,0.3,optimal,7,14,5,1.0,7,14,5,1.0,7,24,1,3.3333333333333335,0.0010004043579101562,0.0,0.0010001659393310547
96,0.3,optimal,7,12,5,1.3333333333333333,7,15,5,1.3333333333333333,7,22,0,3.0,0.0033626556396484375,0.004091739654541016,0.0010526180267333984
97,0.3,optimal,7,13,5,1.0,7,13,5,1.0,7,20,0,2.3333333333333335,0.003503561019897461,0.003278493881225586,0.0010042190551757812
98,0.3,optimal,7,15,5,1.0,7,15,5,1.0,7,22,0,2.6666666666666665,0.0030019283294677734,0.0029954910278320312,0.0009992122650146484
99,0.3,optimal,7,13,4,1.3333333333333333,7,16,4,1.3333333333333333,7,21,1,2.3333333333333335,0.0,0.00099945068359375,0.0009999275207519531
0,0.45,optimal,7,16,5,1.3333333333333333,7,16,5,1.3333333333333333,7,22,0,2.6666666666666665,0.003368854522705078,0.0048983097076416016,0.0
1,0.45,optimal,7,13,5,1.3333333333333333,7,18,5,1.3333333333333333,7,23,1,3.0,0.004004001617431641,0.002995729446411133,0.0010037422180175781
2,0.45,optimal,7,12,5,0.6666666666666666,7,12,5,0.6666666666666666,7,20,0,2.0,0.0010111331939697266,0.0042819976806640625,0.0010082721710205078
3,0.45,optimal,7,16,5,1.6666666666666667,7,17,5,1.6666666666666667,7,24,0,3.6666666666666665,0.004010200500488281,0.002008676528930664,0.0
4,0.45,optimal,7,14,5,1.3333333333333333,7,16,5,1.3333333333333333,7,23,0,3.0,0.0029993057250976562,0.0029897689819335938,0.0030100345611572266
5,0.45,optimal,7,14,5,1.3333333333333333,7,16,5,1.3333333333333333,7,23,0,3.0,0.0029997825622558594,0.002999544143676758,0.0029823780059814453
6,0.45,optimal,7,15,5,1.3333333333333333,7,17,5,1.3333333333333333,7,23,0,3.3333333333333335,0.003261089324951172,0.001998424530029297,0.0
7,0.45,optimal,7,16,5,1.3333333333333333,7,17,5,1.3333333333333333,7,24,0,3.6666666666666665,0.0033483505249023438,0.0019960403442382812,0.001355886459350586
8,0.45,optimal,7,14,5,1.0,7,14,5,1.0,7,22,0,2.6666666666666665,0.0039882659912109375,0.0019986629486083984,0.0
9,0.45,optimal,7,15,5,1.3333333333333333,7,15,5,1.3333333333333333,7,23,0,3.0,0.003479480743408203,0.004103183746337891,0.0009989738464355469
10,0.45,optimal,7,14,5,1.0,7,16,5,1.0,7,22,0,2.6666666666666665,0.004006147384643555,0.004015684127807617,0.0009922981262207031
11,0.45,optimal,7,16,5,1.3333333333333333,7,17,5,1.3333333333333333,7,22,0,3.0,0.004006147384643555,0.002979278564453125,0.0009946823120117188
12,0.45,optimal,7,14,5,1.3333333333333333,7,16,5,1.3333333333333333,7,23,0,3.0,0.00403285026550293,0.005569934844970703,0.0009822845458984375
13,0.45,optimal,7,12,5,1.0,7,15,5,1.0,7,23,0,3.0,0.0039997100830078125,0.0029952526092529297,0.0009999275207519531
14,0.45,optimal,7,15,5,1.3333333333333333,7,17,5,1.3333333333333333,7,23,0,3.0,0.003999948501586914,0.004025697708129883,0.0019974708557128906
15,0.45,optimal,7,16,5,1.3333333333333333,7,16,5,1.3333333333333333,7,22,0,3.0,0.003996849060058594,0.003994941711425781,0.0010058879852294922
16,0.45,optimal,7,12,5,1.3333333333333333,7,16,5,1.3333333333333333,7,23,0,3.3333333333333335,0.0031425952911376953,0.0029990673065185547,0.0081787109375
17,0.45,optimal,7,12,5,1.0,7,15,5,1.0,7,21,1,2.3333333333333335,0.003290891647338867,0.004265308380126953,0.0010020732879638672
18,0.45,optimal,7,14,5,0.6666666666666666,7,14,5,0.6666666666666666,7,22,0,2.6666666666666665,0.0009996891021728516,0.0009999275207519531,0.0
19,0.45,optimal,7,12,5,1.3333333333333333,7,15,5,1.0,7,22,0,3.3333333333333335,0.0010018348693847656,0.0031280517578125,0.0009968280792236328
20,0.45,optimal,7,14,5,1.6666666666666667,7,16,5,1.6666666666666667,7,24,0,3.3333333333333335,0.004453897476196289,0.00400853157043457,0.003549814224243164
21,0.45,optimal,7,16,5,1.3333333333333333,7,16,5,1.3333333333333333,7,24,0,3.3333333333333335,0.003548860549926758,0.0035734176635742188,0.0011076927185058594
22,0.45,optimal,7,13,5,0.6666666666666666,7,14,5,0.6666666666666666,7,21,0,2.3333333333333335,0.003404378890991211,0.002998828887939453,0.0
23,0.45,optimal,7,14,5,1.3333333333333333,7,16,5,1.0,7,22,0,2.6666666666666665,0.0029981136322021484,0.0041046142578125,0.0
24,0.45,optimal,7,17,5,1.3333333333333333,7,18,5,1.3333333333333333,7,24,0,3.3333333333333335,0.003007650375366211,0.00398564338684082,0.0010025501251220703
25,0.45,optimal,7,13,5,1.0,7,15,5,1.0,7,21,0,2.6666666666666665,0.003268003463745117,0.0030040740966796875,0.000980377197265625
26,0.45,optimal,7,12,5,1.3333333333333333,7,15,5,1.3333333333333333,7,22,1,2.6666666666666665,0.003978252410888672,0.0040225982666015625,0.0010037422180175781
27,0.45,optimal,7,13,5,1.3333333333333333,7,15,5,1.0,7,24,0,3.6666666666666665,0.0029718875885009766,0.0030112266540527344,0.0010447502136230469
28,0.45,optimal,7,14,5,1.6666666666666667,7,18,5,1.6666666666666667,7,25,0,3.6666666666666665,0.004451274871826172,0.002038240432739258,0.0020058155059814453
29,0.45,optimal,7,12,5,1.0,7,16,5,1.0,7,21,0,2.3333333333333335,0.004004001617431641,0.004991769790649414,0.0010023117065429688
30,0.45,optimal,7,13,5,1.3333333333333333,7,17,5,1.3333333333333333,7,24,0,3.3333333333333335,0.00299835205078125,0.005365848541259766,0.0024344921112060547
31,0.45,optimal,7,16,5,1.6666666666666667,7,17,5,1.6666666666666667,7,26,0,4.0,0.0031402111053466797,0.003003358840942383,0.0010018348693847656
32,0.45,optimal,7,12,5,1.3333333333333333,7,16,5,1.3333333333333333,7,22,0,3.3333333333333335,0.00304412841796875,0.002985239028930664,0.001299142837524414
33,0.45,optimal,7,14,5,1.6666666666666667,7,15,5,1.6666666666666667,7,26,0,4.0,0.004323005676269531,0.005005598068237305,0.0040035247802734375
34,0.45,optimal,7,13,5,1.0,7,14,5,1.0,7,22,0,2.6666666666666665,0.0010001659393310547,0.002000093460083008,0.0011136531829833984
35,0.45,optimal,7,14,5,1.3333333333333333,7,16,5,1.3333333333333333,7,25,0,3.6666666666666665,0.0029997825622558594,0.003991365432739258,0.0009996891021728516
36,0.45,optimal,7,14,5,1.3333333333333333,7,17,5,1.0,7,22,0,3.0,0.0031194686889648438,0.0044977664947509766,0.0009996891021728516
37,0.45,optimal,7,17,5,1.3333333333333333,7,17,5,1.3333333333333333,7,23,0,3.3333333333333335,0.003028392791748047,0.002153158187866211,0.0009999275207519531
38,0.45,optimal,7,16,5,1.3333333333333333,7,17,5,1.3333333333333333,7,25,0,3.6666666666666665,0.004005908966064453,0.003012418746948242,0.0
39,0.45,optimal,7,12,5,0.6666666666666666,7,14,5,0.6666666666666666,7,21,0,2.6666666666666665,0.0009961128234863281,0.0009999275207519531,0.0
40,0.45,optimal,7,16,5,1.3333333333333333,7,17,5,1.3333333333333333,7,23,0,3.0,0.0029761791229248047,0.004498958587646484,0.0005097389221191406
41,0.45,optimal,7,16,5,1.3333333333333333,7,17,5,1.3333333333333333,7,24,0,3.3333333333333335,0.0029916763305664062,0.003995180130004883,0.0009942054748535156
42,0.45,optimal,7,15,5,1.0,7,15,5,1.0,7,21,0,2.6666666666666665,0.002148866653442383,0.004127979278564453,0.0010001659393310547
43,0.45,optimal,7,12,5,1.0,7,15,5,1.0,7,22,0,2.6666666666666665,0.0030388832092285156,0.0033626556396484375,0.0034105777740478516
44,0.45,optimal,7,15,5,1.3333333333333333,7,17,5,1.3333333333333333,7,25,0,3.6666666666666665,0.004319429397583008,0.004054069519042969,0.001089334487915039
45,0.45,optimal,7,14,5,1.3333333333333333,7,16,5,1.3333333333333333,7,24,0,3.3333333333333335,0.0029799938201904297,0.003014802932739258,0.0029973983764648438
46,0.45,optimal,7,14,5,1.3333333333333333,7,18,5,1.3333333333333333,7,25,0,3.6666666666666665,0.002000570297241211,0.004999637603759766,0.0009982585906982422
47,0.45,optimal,7,16,5,1.3333333333333333,7,17,5,1.3333333333333333,7,24,0,3.3333333333333335,0.002997159957885742,0.0047206878662109375,0.0
48,0.45,optimal,7,17,4,2.0,7,18,4,1.6666666666666667,7,24,0,3.3333333333333335,0.004979372024536133,0.0029816627502441406,0.004004240036010742
49,0.45,optimal,7,15,5,1.6666666666666667,7,16,5,1.6666666666666667,7,24,0,3.3333333333333335,0.0030019283294677734,0.0019998550415039062,0.0009937286376953125
50,0.45,optimal,7,14,5,1.3333333333333333,7,14,5,1.3333333333333333,7,25,0,4.0,0.0029964447021484375,0.0010638236999511719,0.0009894371032714844
51,0.45,optimal,7,11,5,1.0,7,14,5,1.0,7,22,0,2.6666666666666665,0.0030045509338378906,0.0036394596099853516,0.0
52,0.45,optimal,7,14,5,1.0,7,15,5,1.0,7,22,0,3.3333333333333335,0.0040035247802734375,0.0019998550415039062,0.0
53,0.45,optimal,7,16,5,1.6666666666666667,7,19,5,1.6666666666666667,7,25,0,4.333333333333333,0.0030431747436523438,0.0029993057250976562,0.0010037422180175781
54,0.45,optimal,7,12,5,1.3333333333333333,7,17,5,1.3333333333333333,7,23,0,3.0,0.003000020980834961,0.004000186920166016,0.0
55,0.45,optimal,7,17,5,1.3333333333333333,7,17,5,1.3333333333333333,7,23,0,3.0,0.0039997100830078125,0.0045125484466552734,0.001008749008178711
56,0.45,optimal,7,15,5,1.0,7,15,5,1.0,7,23,0,3.0,0.004647016525268555,0.003991365432739258,0.0020020008087158203
57,0.45,optimal,7,13,5,1.3333333333333333,7,16,5,1.3333333333333333,7,22,0,3.0,0.003000020980834961,0.0030412673950195312,0.0010144710540771484
58,0.45,optimal,7,12,5,1.3333333333333333,7,17,5,1.3333333333333333,7,23,0,3.0,0.0030035972595214844,0.004326343536376953,0.0010378360748291016
59,0.45,optimal,7,16,5,1.3333333333333333,7,17,5,1.3333333333333333,7,22,0,2.6666666666666665,0.003983736038208008,0.0020294189453125,0.003977298736572266
60,0.45,optimal,7,16,5,1.6666666666666667,7,17,5,1.6666666666666667,7,23,0,3.3333333333333335,0.0020058155059814453,0.0034940242767333984,0.0
61,0.45,optimal,7,15,5,1.6666666666666667,7,17,5,1.6666666666666667,7,22,0,3.3333333333333335,0.003997087478637695,0.003995418548583984,0.002995729446411133
62,0.45,optimal,7,16,5,1.6666666666666667,7,18,5,1.6666666666666667,7,25,0,3.6666666666666665,0.0041086673736572266,0.0030286312103271484,0.0030477046966552734
63,0.45,optimal,7,14,5,1.3333333333333333,7,18,5,1.3333333333333333,7,24,0,3.3333333333333335,0.0030019283294677734,0.003983974456787109,0.003999948501586914
64,0.45,optimal,7,13,5,1.3333333333333333,7,16,5,1.3333333333333333,7,23,0,3.0,0.003034353256225586,0.0030117034912109375,0.0
65,0.45,optimal,7,16,5,1.3333333333333333,7,17,5,1.3333333333333333,7,24,0,3.3333333333333335,0.0035185813903808594,0.0042383670806884766,0.0009970664978027344
66,0.45,optimal,7,11,5,1.0,7,13,5,1.0,7,22,0,2.6666666666666665,0.001478433609008789,0.0,0.0010004043579101562
67,0.45,optimal,7,13,5,1.3333333333333333,7,16,5,1.3333333333333333,7,22,0,2.6666666666666665,0.003988981246948242,0.003007650375366211,0.000995635986328125
68,0.45,optimal,7,15,5,1.3333333333333333,7,15,5,1.3333333333333333,7,23,0,3.0,0.0012543201446533203,0.0036821365356445312,0.002997875213623047
69,0.45,optimal,7,14,5,1.6666666666666667,7,17,5,1.6666666666666667,7,25,0,4.333333333333333,0.0039784908294677734,0.002000093460083008,0.003038167953491211
70,0.45,optimal,7,13,5,1.0,7,16,5,1.0,7,22,0,2.6666666666666665,0.004281282424926758,0.003003835678100586,0.0
71,0.45,optimal,7,17,5,1.6666666666666667,7,18,5,1.6666666666666667,7,22,0,3.0,0.0039823055267333984,0.0030045509338378906,0.0
72,0.45,optimal,7,13,5,1.0,7,13,5,1.0,7,24,0,3.3333333333333335,0.004986286163330078,0.003081083297729492,0.0
73,0.45,optimal,7,14,5,1.0,7,14,5,1.0,7,21,0,2.3333333333333335,0.003001689910888672,0.006265401840209961,0.0009984970092773438
74,0.45,optimal,7,16,5,1.6666666666666667,7,18,5,1.6666666666666667,7,24,0,3.3333333333333335,0.004178762435913086,0.003022432327270508,0.0012271404266357422
75,0.45,optimal,7,15,5,1.3333333333333333,7,17,5,1.3333333333333333,7,25,0,3.6666666666666665,0.004001617431640625,0.003999471664428711,0.002518177032470703
76,0.45,optimal,7,17,5,1.6666666666666667,7,18,5,1.6666666666666667,7,23,0,3.3333333333333335,0.002998828887939453,0.003992557525634766,0.0
77,0.45,optimal,7,15,4,1.6666666666666667,7,17,4,1.6666666666666667,7,21,1,2.3333333333333335,0.0009908676147460938,0.003000974655151367,0.0009963512420654297
78,0.45,optimal,7,13,5,1.0,7,15,5,1.0,7,21,0,2.6666666666666665,0.0029976367950439453,0.0015404224395751953,0.0
79,0.45,optimal,7,15,5,1.3333333333333333,7,18,5,1.3333333333333333,7,24,0,3.3333333333333335,0.0030155181884765625,0.0032622814178466797,0.001371145248413086
80,0.45,optimal,7,16,5,1.3333333333333333,7,18,5,1.3333333333333333,7,23,0,3.0,0.004013538360595703,0.0040128231048583984,0.000993490219116211
81,0.45,optimal,7,14,5,1.3333333333333333,7,15,5,1.3333333333333333,7,22,0,3.0,0.00400090217590332,0.005003690719604492,0.004999399185180664
82,0.45,optimal,7,15,5,1.0,7,17,5,1.0,7,21,0,2.6666666666666665,0.003004312515258789,0.011539459228515625,0.0020008087158203125
83,0.45,optimal,7,13,5,1.3333333333333333,7,16,5,1.3333333333333333,7,23,0,3.3333333333333335,0.002000093460083008,0.004136085510253906,0.0010156631469726562
84,0.45,optimal,7,15,5,1.3333333333333333,7,17,5,1.3333333333333333,7,22,1,2.6666666666666665,0.003334522247314453,0.0019915103912353516,0.0
85,0.45,optimal,7,17,5,1.3333333333333333,7,17,5,1.3333333333333333,7,25,0,3.6666666666666665,0.002981901168823242,0.0020105838775634766,0.0
86,0.45,optimal,7,17,5,1.3333333333333333,7,17,5,1.3333333333333333,7,23,0,3.0,0.004001140594482422,0.004166841506958008,0.0
87,0.45,optimal,7,15,5,0.6666666666666666,7,16,5,0.6666666666666666,7,20,0,2.0,0.003356456756591797,0.0030641555786132812,0.0009927749633789062
88,0.45,optimal,7,15,5,1.3333333333333333,7,15,5,1.3333333333333333,7,24,0,3.3333333333333335,0.004319906234741211,0.004010438919067383,0.0039327144622802734
89,0.45,optimal,7,14,5,1.0,7,15,5,1.0,7,22,0,2.6666666666666665,0.004030466079711914,0.003019094467163086,0.0012061595916748047
90,0.45,optimal,7,13,5,0.6666666666666666,7,16,5,0.6666666666666666,7,20,1,2.0,0.004165172576904297,0.005040645599365234,0.0
91,0.45,optimal,7,14,5,1.3333333333333333,7,17,5,1.3333333333333333,7,23,0,3.3333333333333335,0.003979206085205078,0.004004478454589844,0.0010116100311279297
92,0.45,optimal,7,14,5,1.3333333333333333,7,17,5,1.3333333333333333,7,23,0,3.0,0.003356456756591797,0.004216670989990234,0.003095388412475586
93,0.45,optimal,7,16,5,1.6666666666666667,7,19,5,1.6666666666666667,7,25,0,3.6666666666666665,0.0031244754791259766,0.005497932434082031,0.004897356033325195
94,0.45,optimal,7,14,5,1.3333333333333333,7,17,5,1.3333333333333333,7,22,0,2.6666666666666665,0.0044329166412353516,0.0050051212310791016,0.0012967586517333984
95,0.45,optimal,7,15,4,2.0,7,18,4,1.6666666666666667,7,24,0,3.6666666666666665,0.003011941909790039,0.0029823780059814453,0.0033156871795654297
96,0.45,optimal,7,17,5,1.3333333333333333,7,18,5,1.3333333333333333,7,23,0,3.0,0.0037047863006591797,0.00301361083984375,0.0030007362365722656
97,0.45,optimal,7,11,5,1.0,7,14,5,1.0,7,22,0,2.6666666666666665,0.0030031204223632812,0.003996610641479492,0.0
98,0.45,optimal,7,13,5,1.0,7,15,5,1.0,7,22,0,2.6666666666666665,0.003985166549682617,0.0036911964416503906,0.0011887550354003906
99,0.45,optimal,7,14,5,1.0,7,14,5,1.0,7,22,0,2.6666666666666665,0.004479885101318359,0.0020232200622558594,0.0024454593658447266
0,0.6,optimal,7,16,5,1.3333333333333333,7,17,5,1.3333333333333333,7,23,0,3.0,0.00398707389831543,0.0030045509338378906,0.0009999275207519531
1,0.6,optimal,7,14,5,1.3333333333333333,7,18,5,1.3333333333333333,7,24,0,3.3333333333333335,0.004060029983520508,0.0039844512939453125,0.0040094852447509766
2,0.6,optimal,7,11,5,0.6666666666666666,7,14,5,0.6666666666666666,7,21,0,2.3333333333333335,0.0029964447021484375,0.004023075103759766,0.0022437572479248047
3,0.6,optimal,7,18,5,1.6666666666666667,7,18,5,1.6666666666666667,7,24,0,3.6666666666666665,0.004004955291748047,0.002027750015258789,0.0030002593994140625
4,0.6,optimal,7,18,5,1.3333333333333333,7,18,5,1.3333333333333333,7,23,0,3.0,0.003983020782470703,0.003996372222900391,0.0033059120178222656
5,0.6,optimal,7,13,5,1.3333333333333333,7,17,5,1.3333333333333333,7,23,0,3.0,0.0036695003509521484,0.003197908401489258,0.003022432327270508
6,0.6,optimal,7,13,5,1.3333333333333333,7,17,5,1.3333333333333333,7,23,0,3.3333333333333335,0.0030050277709960938,0.0030117034912109375,0.0038595199584960938
7,0.6,optimal,7,15,5,1.3333333333333333,7,18,5,1.3333333333333333,7,24,0,3.6666666666666665,0.00401759147644043,0.003007650375366211,0.0039997100830078125
8,0.6,optimal,7,12,5,1.0,7,14,5,1.0,7,22,0,2.6666666666666665,0.003023862838745117,0.0020508766174316406,0.002374887466430664
9,0.6,optimal,7,13,5,1.3333333333333333,7,16,5,1.3333333333333333,7,23,0,3.0,0.0033805370330810547,0.005513906478881836,0.003132343292236328
10,0.6,optimal,7,16,5,1.0,7,17,5,1.0,7,22,0,2.6666666666666665,0.002995014190673828,0.004990577697753906,0.003997325897216797
11,0.6,optimal,7,15,5,1.3333333333333333,7,17,5,1.3333333333333333,7,23,0,3.0,0.002980947494506836,0.00333404541015625,0.004006624221801758
12,0.6,optimal,7,13,5,1.3333333333333333,7,17,5,1.3333333333333333,7,23,0,3.0,0.004004716873168945,0.00397944450378418,0.0030019283294677734
13,0.6,optimal,7,14,5,1.3333333333333333,7,18,5,1.3333333333333333,7,23,0,3.0,0.004037141799926758,0.004997730255126953,0.003325223922729492
14,0.6,optimal,7,15,5,1.3333333333333333,7,18,5,1.3333333333333333,7,23,0,3.0,0.00402522087097168,0.0039904117584228516,0.0029990673065185547
15,0.6,optimal,7,16,5,1.3333333333333333,7,17,5,1.3333333333333333,7,22,0,2.6666666666666665,0.0030012130737304688,0.004136323928833008,0.0033948421478271484
16,0.6,optimal,7,16,5,1.3333333333333333,7,16,5,1.3333333333333333,7,24,0,3.3333333333333335,0.004045963287353516,0.003984689712524414,0.003065347671508789
17,0.6,optimal,7,13,5,1.0,7,15,5,1.0,7,22,0,2.6666666666666665,0.003999233245849609,0.003992557525634766,0.0025908946990966797
18,0.6,optimal,7,15,5,1.0,7,17,5,1.0,7,22,0,2.6666666666666665,0.003981590270996094,0.004345893859863281,0.0029959678649902344
19,0.6,optimal,7,12,5,1.3333333333333333,7,16,5,1.3333333333333333,7,23,0,3.0,0.003618001937866211,0.003983259201049805,0.004026651382446289
20,0.6,optimal,7,14,5,1.6666666666666667,7,18,5,1.6666666666666667,7,24,0,3.3333333333333335,0.003055095672607422,0.004155635833740234,0.0039920806884765625
21,0.6,optimal,7,13,5,1.0,7,15,5,1.0,7,23,0,3.3333333333333335,0.00298309326171875,0.004007101058959961,0.0029799938201904297
22,0.6,optimal,7,14,5,0.6666666666666666,7,16,5,0.6666666666666666,7,21,0,2.3333333333333335,0.0029969215393066406,0.001993894577026367,0.003991603851318359
23,0.6,optimal,7,17,5,1.3333333333333333,7,18,5,1.3333333333333333,7,23,0,3.0,0.0030028820037841797,0.0044405460357666016,0.003471851348876953
24,0.6,optimal,7,16,5,1.3333333333333333,7,18,5,1.3333333333333333,7,24,0,3.3333333333333335,0.003194093704223633,0.004964351654052734,0.0042247772216796875
25,0.6,optimal,7,12,5,1.0,7,16,5,0.6666666666666666,7,21,0,2.6666666666666665,0.003978252410888672,0.004142045974731445,0.0
26,0.6,optimal,7,14,5,1.3333333333333333,7,15,5,1.3333333333333333,7,23,0,3.0,0.002997159957885742,0.00499272346496582,0.0030395984649658203
27,0.6,optimal,7,14,5,1.6666666666666667,7,17,5,1.6666666666666667,7,25,0,3.6666666666666665,0.004003763198852539,0.004003047943115234,0.0024542808532714844
28,0.6,optimal,7,13,5,1.6666666666666667,7,19,5,1.6666666666666667,7,25,0,3.6666666666666665,0.00339508056640625,0.0053691864013671875,0.004014730453491211
29,0.6,optimal,7,13,5,1.0,7,16,5,1.0,7,21,0,2.6666666666666665,0.0039958953857421875,0.0029976367950439453,0.0030090808868408203
30,0.6,optimal,7,14,5,1.3333333333333333,7,17,5,1.3333333333333333,7,25,0,3.6666666666666665,0.0039501190185546875,0.007607460021972656,0.008166313171386719
31,0.6,optimal,7,15,5,1.6666666666666667,7,18,5,1.6666666666666667,7,27,0,4.333333333333333,0.00445556640625,0.005084991455078125,0.008296012878417969
32,0.6,optimal,7,12,5,1.3333333333333333,7,16,5,1.3333333333333333,7,24,0,3.3333333333333335,0.001999378204345703,0.00414276123046875,0.0024738311767578125
33,0.6,optimal,7,14,5,1.6666666666666667,7,16,5,1.6666666666666667,7,26,0,4.0,0.004004716873168945,0.00499272346496582,0.004171848297119141
34,0.6,optimal,7,15,5,1.0,7,16,5,1.0,7,22,0,2.6666666666666665,0.004252433776855469,0.0040090084075927734,0.0029959678649902344
35,0.6,optimal,7,14,5,1.3333333333333333,7,18,5,1.3333333333333333,7,25,0,3.6666666666666665,0.004523515701293945,0.004021883010864258,0.0029807090759277344
36,0.6,optimal,7,13,5,1.3333333333333333,7,17,5,1.3333333333333333,7,23,0,3.0,0.0039751529693603516,0.004491329193115234,0.0034046173095703125
37,0.6,optimal,7,13,5,1.3333333333333333,7,18,5,1.3333333333333333,7,24,0,3.3333333333333335,0.003002643585205078,0.0050046443939208984,0.0030066967010498047
38,0.6,optimal,7,15,5,1.3333333333333333,7,18,5,1.3333333333333333,7,25,0,3.6666666666666665,0.004201412200927734,0.00600433349609375,0.0030121803283691406
39,0.6,optimal,7,13,5,1.0,7,15,5,1.0,7,22,0,2.6666666666666665,0.003998279571533203,0.00499725341796875,0.0010080337524414062
40,0.6,optimal,7,16,5,1.3333333333333333,7,18,5,1.3333333333333333,7,23,0,3.0,0.004994392395019531,0.00298309326171875,0.0029900074005126953
41,0.6,optimal,7,13,5,1.3333333333333333,7,17,5,1.3333333333333333,7,24,0,3.3333333333333335,0.003031492233276367,0.004998207092285156,0.003991842269897461
42,0.6,optimal,7,14,5,1.0,7,16,5,1.0,7,22,0,2.6666666666666665,0.003998756408691406,0.005001544952392578,0.0029952526092529297
43,0.6,optimal,7,13,5,1.0,7,15,5,1.0,7,22,0,2.6666666666666665,0.004033803939819336,0.004166364669799805,0.003016948699951172
44,0.6,optimal,7,15,5,1.3333333333333333,7,18,5,1.3333333333333333,7,25,0,3.6666666666666665,0.003991127014160156,0.005109548568725586,0.0030214786529541016
45,0.6,optimal,7,15,5,1.3333333333333333,7,18,5,1.3333333333333333,7,24,0,3.3333333333333335,0.003987789154052734,0.002995014190673828,0.00400233268737793
46,0.6,optimal,7,14,5,1.3333333333333333,7,18,5,1.3333333333333333,7,25,0,3.6666666666666665,0.005011796951293945,0.005006313323974609,0.004517078399658203
47,0.6,optimal,7,15,5,1.3333333333333333,7,17,5,1.3333333333333333,7,24,0,3.3333333333333335,0.002995014190673828,0.003997325897216797,0.004008054733276367
48,0.6,optimal,7,15,5,1.3333333333333333,7,17,5,1.3333333333333333,7,24,0,3.3333333333333335,0.004019498825073242,0.003026723861694336,0.003000497817993164
49,0.6,optimal,7,14,5,1.6666666666666667,7,18,5,1.6666666666666667,7,24,0,3.3333333333333335,0.004019975662231445,0.004008054733276367,0.003017902374267578
50,0.6,optimal,7,14,5,1.3333333333333333,7,16,5,1.3333333333333333,7,26,0,4.0,0.005499601364135742,0.003007650375366211,0.003007650375366211
51,0.6,optimal,7,15,5,1.0,7,16,5,1.0,7,22,0,2.6666666666666665,0.0039899349212646484,0.00500941276550293,0.002991914749145508
52,0.6,optimal,7,16,5,1.3333333333333333,7,17,5,1.3333333333333333,7,23,0,3.3333333333333335,0.004000425338745117,0.005025386810302734,0.0039825439453125
53,0.6,optimal,7,16,5,1.6666666666666667,7,19,5,1.6666666666666667,7,26,0,4.333333333333333,0.0030028820037841797,0.002995014190673828,0.004004478454589844
54,0.6,optimal,7,13,5,1.3333333333333333,7,18,5,1.3333333333333333,7,23,0,3.0,0.005011796951293945,0.003003835678100586,0.003995180130004883
55,0.6,optimal,7,16,5,1.3333333333333333,7,17,5,1.3333333333333333,7,23,0,3.0,0.0030083656311035156,0.005003452301025391,0.003434896469116211
56,0.6,optimal,7,16,5,1.3333333333333333,7,16,5,1.3333333333333333,7,23,0,3.0,0.004001617431640625,0.004993915557861328,0.0035543441772460938
57,0.6,optimal,7,14,5,1.3333333333333333,7,17,5,1.3333333333333333,7,23,0,3.0,0.003998279571533203,0.004000186920166016,0.004003763198852539
58,0.6,optimal,7,13,5,1.3333333333333333,7,18,5,1.3333333333333333,7,23,0,3.0,0.0049936771392822266,0.005002498626708984,0.0009992122650146484
59,0.6,optimal,7,17,5,1.3333333333333333,7,17,5,1.3333333333333333,7,23,0,3.0,0.003004789352416992,0.003996133804321289,0.0030007362365722656
60,0.6,optimal,7,17,5,1.6666666666666667,7,19,5,1.6666666666666667,7,24,0,3.3333333333333335,0.003987312316894531,0.004001617431640625,0.0035321712493896484
61,0.6,optimal,7,17,5,1.6666666666666667,7,18,5,1.6666666666666667,7,24,0,3.3333333333333335,0.0039904117584228516,0.004997730255126953,0.0039825439453125
62,0.6,optimal,7,17,5,1.6666666666666667,7,19,5,1.6666666666666667,7,25,0,3.6666666666666665,0.0045013427734375,0.004004001617431641,0.003987312316894531
63,0.6,optimal,7,15,5,1.3333333333333333,7,18,5,1.3333333333333333,7,24,0,3.3333333333333335,0.003998517990112305,0.004014730453491211,0.004004716873168945
64,0.6,optimal,7,13,5,1.3333333333333333,7,16,5,1.3333333333333333,7,24,0,3.3333333333333335,0.005217552185058594,0.004014253616333008,0.0039975643157958984
65,0.6,optimal,7,16,5,1.3333333333333333,7,18,5,1.3333333333333333,7,24,0,3.3333333333333335,0.0029976367950439453,0.0051310062408447266,0.0015988349914550781
66,0.6,optimal,7,12,5,1.0,7,13,5,1.0,7,22,0,2.6666666666666665,0.0009989738464355469,0.002000570297241211,0.00099945068359375
67,0.6,optimal,7,15,5,1.3333333333333333,7,18,5,1.3333333333333333,7,24,0,3.3333333333333335,0.003984212875366211,0.004003286361694336,0.003011941909790039
68,0.6,optimal,7,14,5,1.3333333333333333,7,17,5,1.3333333333333333,7,23,0,3.0,0.005003213882446289,0.0040132999420166016,0.0009980201721191406
69,0.6,optimal,7,13,5,1.6666666666666667,7,17,5,1.6666666666666667,7,26,0,4.333333333333333,0.003030061721801758,0.005109548568725586,0.0030078887939453125
70,0.6,optimal,7,14,5,1.0,7,16,5,1.0,7,22,0,2.6666666666666665,0.0039942264556884766,0.003997802734375,0.003996849060058594
71,0.6,optimal,7,15,5,1.6666666666666667,7,18,5,1.6666666666666667,7,23,0,3.3333333333333335,0.002982616424560547,0.005014896392822266,0.003989458084106445
72,0.6,optimal,7,16,5,1.6666666666666667,7,18,5,1.6666666666666667,7,24,0,3.3333333333333335,0.004023313522338867,0.0030012130737304688,0.0010013580322265625
73,0.6,optimal,7,14,5,1.0,7,15,5,1.0,7,21,0,2.6666666666666665,0.0019931793212890625,0.003000974655151367,0.0009992122650146484
74,0.6,optimal,7,17,5,1.6666666666666667,7,18,5,1.6666666666666667,7,24,0,3.3333333333333335,0.003994941711425781,0.002988576889038086,0.0032868385314941406
75,0.6,optimal,7,13,5,1.3333333333333333,7,17,5,1.3333333333333333,7,25,0,3.6666666666666665,0.003982067108154297,0.003526449203491211,0.002994537353515625
76,0.6,optimal,7,17,5,1.6666666666666667,7,18,5,1.6666666666666667,7,25,0,3.6666666666666665,0.004007101058959961,0.004006385803222656,0.0030014514923095703
77,0.6,optimal,7,15,5,1.3333333333333333,7,16,5,1.0,7,23,0,3.0,0.003566265106201172,0.0040056705474853516,0.003995656967163086
78,0.6,optimal,7,15,5,1.0,7,16,5,1.0,7,21,0,2.6666666666666665,0.003977537155151367,0.004998445510864258,0.004991054534912109
79,0.6,optimal,7,15,5,1.3333333333333333,7,18,5,1.3333333333333333,7,24,0,3.3333333333333335,0.0040035247802734375,0.003984212875366211,0.0029947757720947266
80,0.6,optimal,7,14,5,1.3333333333333333,7,18,5,1.3333333333333333,7,23,0,3.0,0.005002737045288086,0.006026744842529297,0.00402379035949707
81,0.6,optimal,7,14,5,1.3333333333333333,7,16,5,1.3333333333333333,7,22,0,3.0,0.003988742828369141,0.003015756607055664,0.003004789352416992
82,0.6,optimal,7,13,5,1.0,7,17,5,1.0,7,21,0,2.3333333333333335,0.003004312515258789,0.004003286361694336,0.003001689910888672
83,0.6,optimal,7,13,5,1.3333333333333333,7,16,5,1.3333333333333333,7,23,0,3.3333333333333335,0.003985881805419922,0.003988981246948242,0.003010988235473633
84,0.6,optimal,7,17,5,1.3333333333333333,7,18,5,1.3333333333333333,7,22,1,2.6666666666666665,0.004000425338745117,0.002999544143676758,0.0029931068420410156
85,0.6,optimal,7,16,5,1.3333333333333333,7,18,5,1.3333333333333333,7,25,0,3.6666666666666665,0.00398707389831543,0.004990577697753906,0.0030367374420166016
86,0.6,optimal,7,14,5,1.3333333333333333,7,17,5,1.3333333333333333,7,23,0,3.0,0.0030031204223632812,0.003016948699951172,0.003528594970703125
87,0.6,optimal,7,12,5,0.6666666666666666,7,16,5,0.6666666666666666,7,21,0,2.3333333333333335,0.005004167556762695,0.005020618438720703,0.004003286361694336
88,0.6,optimal,7,15,5,1.3333333333333333,7,17,5,1.3333333333333333,7,24,0,3.3333333333333335,0.004026889801025391,0.003981351852416992,0.0030107498168945312
89,0.6,optimal,7,14,5,1.0,7,15,5,1.0,7,22,0,2.6666666666666665,0.0039904117584228516,0.004997968673706055,0.004135847091674805
90,0.6,optimal,7,14,5,0.6666666666666666,7,16,5,0.6666666666666666,7,20,0,2.3333333333333335,0.004004001617431641,0.00399470329284668,0.004013538360595703
91,0.6,optimal,7,16,5,1.3333333333333333,7,17,5,1.3333333333333333,7,24,0,3.3333333333333335,0.004000425338745117,0.005995750427246094,0.003038644790649414
92,0.6,optimal,7,14,5,1.3333333333333333,7,18,5,1.3333333333333333,7,23,0,3.0,0.004990816116333008,0.0030012130737304688,0.0029985904693603516
93,0.6,optimal,7,16,5,1.6666666666666667,7,19,5,1.6666666666666667,7,25,0,3.6666666666666665,0.0030150413513183594,0.003997325897216797,0.0039937496185302734
94,0.6,optimal,7,15,5,1.3333333333333333,7,18,5,1.3333333333333333,7,23,0,3.3333333333333335,0.003004789352416992,0.0040132999420166016,0.003014087677001953
95,0.6,optimal,7,15,5,1.3333333333333333,7,16,5,1.3333333333333333,7,25,0,3.6666666666666665,0.00402522087097168,0.005017280578613281,0.003004789352416992
96,0.6,optimal,7,15,5,1.3333333333333333,7,18,5,1.3333333333333333,7,23,0,3.0,0.003004789352416992,0.004014253616333008,0.0040111541748046875
97,0.6,optimal,7,14,5,1.0,7,16,5,1.0,7,22,0,2.6666666666666665,0.001012563705444336,0.002999544143676758,0.003000497817993164
98,0.6,optimal,7,13,5,1.0,7,16,5,1.0,7,22,0,2.6666666666666665,0.0045015811920166016,0.00299835205078125,0.001003265380859375
99,0.6,optimal,7,13,5,1.0,7,17,5,1.0,7,22,0,2.6666666666666665,0.004019498825073242,0.004008054733276367,0.004007816314697266
