seed,network,num_resources,availability_probability,suitability_probability,secondary_classes_overlap,maximum_assignments,quantity_integral,quantity_fractional_variable_count,quantity_maximum_fractionality,quality_integral,quality_fractional_variable_count,quality_maximum_fractionality
0,118,10,0.45,0.5,True,10,True,0,0.0,True,0,0.0
1,118,10,0.45,0.5,False,10,True,0,0.0,True,0,0.0
2,118,10,0.45,0.5,True,10,True,0,0.0,True,0,0.0
3,118,10,0.45,0.5,True,10,True,0,0.0,True,0,0.0
4,118,10,0.45,0.5,False,10,True,0,0.0,True,0,0.0
5,118,10,0.45,0.5,True,10,True,0,0.0,True,0,0.0
6,118,10,0.45,0.5,False,10,True,0,0.0,True,0,0.0
7,118,10,0.45,0.5,True,10,True,0,0.0,True,0,0.0
8,118,10,0.45,0.5,False,10,True,0,0.0,True,0,0.0
9,118,10,0.45,0.5,False,10,True,0,0.0,True,0,0.0
10,118,10,0.45,0.5,True,10,True,0,0.0,True,0,0.0
11,118,10,0.45,0.5,True,10,True,0,0.0,True,0,0.0
12,118,10,0.45,0.5,False,10,True,0,0.0,True,0,0.0
13,118,10,0.45,0.5,True,10,True,0,0.0,True,0,0.0
14,118,10,0.45,0.5,False,10,True,0,0.0,True,0,0.0
15,118,10,0.45,0.5,True,10,True,0,0.0,True,0,0.0
16,118,10,0.45,0.5,False,10,True,0,0.0,True,0,0.0
17,118,10,0.45,0.5,False,10,True,0,0.0,True,0,0.0
18,118,10,0.45,0.5,True,10,True,0,0.0,True,0,0.0
19,118,10,0.45,0.5,True,10,True,0,0.0,True,0,0.0
20,118,10,0.45,0.5,False,10,True,0,0.0,True,0,0.0
21,118,10,0.45,0.5,False,10,True,0,0.0,True,0,0.0
22,118,10,0.45,0.5,False,10,True,0,0.0,True,0,0.0
23,118,10,0.45,0.5,False,10,True,0,0.0,True,0,0.0
24,118,10,0.45,0.5,True,10,True,0,0.0,True,0,0.0
25,118,10,0.45,0.5,False,10,True,0,0.0,True,0,0.0
26,118,10,0.45,0.5,False,10,True,0,0.0,True,0,0.0
27,118,10,0.45,0.5,True,10,True,0,0.0,True,0,0.0
28,118,10,0.45,0.5,True,10,True,0,0.0,True,0,0.0
29,118,10,0.45,0.5,True,10,True,0,0.0,True,0,0.0
30,118,10,0.45,0.5,False,10,True,0,0.0,True,0,0.0
31,118,10,0.45,0.5,True,10,True,0,0.0,True,0,0.0
32,118,10,0.45,0.5,False,10,True,0,0.0,True,0,0.0
33,118,10,0.45,0.5,True,10,True,0,0.0,True,0,0.0
34,118,10,0.45,0.5,True,10,True,0,0.0,True,0,0.0
35,118,10,0.45,0.5,False,10,True,0,0.0,True,0,0.0
36,118,10,0.45,0.5,True,10,True,0,0.0,True,0,0.0
37,118,10,0.45,0.5,True,10,True,0,0.0,True,0,0.0
38,118,10,0.45,0.5,False,10,True,0,0.0,True,0,0.0
39,118,10,0.45,0.5,True,10,True,0,0.0,True,0,0.0
40,118,10,0.45,0.5,True,10,True,0,0.0,True,0,0.0
41,118,10,0.45,0.5,True,10,True,0,0.0,True,0,0.0
42,118,10,0.45,0.5,True,10,True,0,0.0,True,0,0.0
43,118,10,0.45,0.5,True,10,True,0,0.0,True,0,0.0
44,118,10,0.45,0.5,True,10,True,0,0.0,True,0,0.0
45,118,10,0.45,0.5,False,10,True,0,0.0,True,0,0.0
46,118,10,0.45,0.5,True,10,True,0,0.0,True,0,0.0
47,118,10,0.45,0.5,False,10,True,0,0.0,True,0,0.0
48,118,10,0.45,0.5,False,10,True,0,0.0,True,0,0.0
49,118,10,0.45,0.5,True,10,True,0,0.0,True,0,0.0
50,118,10,0.45,0.5,True,10,True,0,0.0,True,0,0.0
51,118,10,0.45,0.5,True,10,True,0,0.0,True,0,0.0
52,118,10,0.45,0.5,True,10,True,0,0.0,True,0,0.0
53,118,10,0.45,0.5,True,10,True,0,0.0,True,0,0.0
54,118,10,0.45,0.5,True,10,True,0,0.0,True,0,0.0
55,118,10,0.45,0.5,True,10,True,0,0.0,True,0,0.0
56,118,10,0.45,0.5,False,10,True,0,0.0,True,0,0.0
57,118,10,0.45,0.5,True,10,True,0,0.0,True,0,0.0
58,118,10,0.45,0.5,True,10,True,0,0.0,True,0,0.0
59,118,10,0.45,0.5,True,10,True,0,0.0,True,0,0.0
60,118,10,0.45,0.5,True,10,True,0,0.0,True,0,0.0
61,118,10,0.45,0.5,True,10,True,0,0.0,True,0,0.0
62,118,10,0.45,0.5,True,10,True,0,0.0,True,0,0.0
63,118,10,0.45,0.5,True,10,True,0,0.0,True,0,0.0
64,118,10,0.45,0.5,True,10,True,0,0.0,True,0,0.0
65,118,10,0.45,0.5,False,10,True,0,0.0,True,0,0.0
66,118,10,0.45,0.5,True,10,True,0,0.0,True,0,0.0
67,118,10,0.45,0.5,False,10,True,0,0.0,True,0,0.0
68,118,10,0.45,0.5,False,10,True,0,0.0,True,0,0.0
69,118,10,0.45,0.5,True,10,True,0,0.0,True,0,0.0
70,118,10,0.45,0.5,True,10,True,0,0.0,True,0,0.0
71,118,10,0.45,0.5,False,10,True,0,0.0,True,0,0.0
72,118,10,0.45,0.5,True,10,True,0,0.0,True,0,0.0
73,118,10,0.45,0.5,False,10,True,0,0.0,True,0,0.0
74,118,10,0.45,0.5,True,10,True,0,0.0,True,0,0.0
75,118,10,0.45,0.5,True,10,True,0,0.0,True,0,0.0
76,118,10,0.45,0.5,True,10,True,0,0.0,True,0,0.0
77,118,10,0.45,0.5,True,10,True,0,0.0,True,0,0.0
78,118,10,0.45,0.5,True,10,True,0,0.0,True,0,0.0
79,118,10,0.45,0.5,True,10,True,0,0.0,True,0,0.0
80,118,10,0.45,0.5,True,10,True,0,0.0,True,0,0.0
81,118,10,0.45,0.5,False,10,True,0,0.0,True,0,0.0
82,118,10,0.45,0.5,False,10,True,0,0.0,True,0,0.0
83,118,10,0.45,0.5,True,10,True,0,0.0,True,0,0.0
84,118,10,0.45,0.5,False,10,True,0,0.0,True,0,0.0
85,118,10,0.45,0.5,True,10,True,0,0.0,True,0,0.0
86,118,10,0.45,0.5,True,10,True,0,0.0,True,0,0.0
87,118,10,0.45,0.5,True,10,True,0,0.0,True,0,0.0
88,118,10,0.45,0.5,True,10,True,0,0.0,True,0,0.0
89,118,10,0.45,0.5,True,10,True,0,0.0,True,0,0.0
90,118,10,0.45,0.5,True,10,True,0,0.0,True,0,0.0
91,118,10,0.45,0.5,True,10,True,0,0.0,True,0,0.0
92,118,10,0.45,0.5,False,10,True,0,0.0,True,0,0.0
93,118,10,0.45,0.5,True,10,True,0,0.0,True,0,0.0
94,118,10,0.45,0.5,True,10,True,0,0.0,True,0,0.0
95,118,10,0.45,0.5,False,10,True,0,0.0,True,0,0.0
96,118,10,0.45,0.5,True,10,True,0,0.0,True,0,0.0
97,118,10,0.45,0.5,False,10,True,0,0.0,True,0,0.0
98,118,10,0.45,0.5,False,10,True,0,0.0,True,0,0.0
99,118,10,0.45,0.5,True,10,True,0,0.0,True,0,0.0
0,118,15,0.45,0.5,True,15,True,0,0.0,True,0,0.0
1,118,15,0.45,0.5,False,15,True,0,0.0,True,0,0.0
2,118,15,0.45,0.5,True,15,True,0,0.0,True,0,0.0
3,118,15,0.45,0.5,True,15,True,0,0.0,True,0,0.0
4,118,15,0.45,0.5,False,15,True,0,0.0,True,0,0.0
5,118,15,0.45,0.5,True,15,True,0,0.0,True,0,0.0
6,118,15,0.45,0.5,False,15,True,0,0.0,True,0,0.0
7,118,15,0.45,0.5,True,15,True,0,0.0,True,0,0.0
8,118,15,0.45,0.5,False,15,True,0,0.0,True,0,0.0
9,118,15,0.45,0.5,False,15,True,0,0.0,True,0,0.0
10,118,15,0.45,0.5,True,15,True,0,0.0,True,0,0.0
11,118,15,0.45,0.5,True,15,True,0,0.0,True,0,0.0
12,118,15,0.45,0.5,False,15,True,0,0.0,True,0,0.0
13,118,15,0.45,0.5,True,15,True,0,0.0,True,0,0.0
14,118,15,0.45,0.5,False,15,True,0,0.0,True,0,0.0
15,118,15,0.45,0.5,True,15,True,0,0.0,True,0,0.0
16,118,15,0.45,0.5,False,15,True,0,0.0,True,0,0.0
17,118,15,0.45,0.5,False,15,True,0,0.0,True,0,0.0
18,118,15,0.45,0.5,True,15,True,0,0.0,True,0,0.0
19,118,15,0.45,0.5,True,15,True,0,0.0,True,0,0.0
20,118,15,0.45,0.5,False,15,True,0,0.0,True,0,0.0
21,118,15,0.45,0.5,False,15,True,0,0.0,True,0,0.0
22,118,15,0.45,0.5,False,15,True,0,0.0,True,0,0.0
23,118,15,0.45,0.5,False,15,True,0,0.0,True,0,0.0
24,118,15,0.45,0.5,True,15,True,0,0.0,True,0,0.0
25,118,15,0.45,0.5,False,15,True,0,0.0,True,0,0.0
26,118,15,0.45,0.5,False,15,True,0,0.0,True,0,0.0
27,118,15,0.45,0.5,True,15,True,0,0.0,True,0,0.0
28,118,15,0.45,0.5,True,15,True,0,0.0,True,0,0.0
29,118,15,0.45,0.5,True,15,True,0,0.0,True,0,0.0
30,118,15,0.45,0.5,False,15,True,0,0.0,True,0,0.0
31,118,15,0.45,0.5,True,15,True,0,0.0,True,0,0.0
32,118,15,0.45,0.5,False,15,True,0,0.0,True,0,0.0
33,118,15,0.45,0.5,True,15,True,0,0.0,True,0,0.0
34,118,15,0.45,0.5,True,15,True,0,0.0,True,0,0.0
35,118,15,0.45,0.5,False,15,True,0,0.0,True,0,0.0
36,118,15,0.45,0.5,True,15,True,0,0.0,True,0,0.0
37,118,15,0.45,0.5,True,15,True,0,0.0,True,0,0.0
38,118,15,0.45,0.5,False,15,True,0,0.0,True,0,0.0
39,118,15,0.45,0.5,True,15,True,0,0.0,True,0,0.0
40,118,15,0.45,0.5,True,15,True,0,0.0,True,0,0.0
41,118,15,0.45,0.5,True,15,True,0,0.0,True,0,0.0
42,118,15,0.45,0.5,True,15,True,0,0.0,True,0,0.0
43,118,15,0.45,0.5,True,15,True,0,0.0,True,0,0.0
44,118,15,0.45,0.5,True,15,True,0,0.0,True,0,0.0
45,118,15,0.45,0.5,False,15,True,0,0.0,True,0,0.0
46,118,15,0.45,0.5,True,15,True,0,0.0,True,0,0.0
47,118,15,0.45,0.5,False,15,True,0,0.0,True,0,0.0
48,118,15,0.45,0.5,False,15,True,0,0.0,True,0,0.0
49,118,15,0.45,0.5,True,15,True,0,0.0,True,0,0.0
50,118,15,0.45,0.5,True,15,True,0,0.0,True,0,0.0
51,118,15,0.45,0.5,True,15,True,0,0.0,True,0,0.0
52,118,15,0.45,0.5,True,15,True,0,0.0,True,0,0.0
53,118,15,0.45,0.5,True,15,True,0,0.0,True,0,0.0
54,118,15,0.45,0.5,True,15,True,0,0.0,True,0,0.0
55,118,15,0.45,0.5,True,15,True,0,0.0,True,0,0.0
56,118,15,0.45,0.5,False,15,True,0,0.0,True,0,0.0
57,118,15,0.45,0.5,True,15,True,0,0.0,True,0,0.0
58,118,15,0.45,0.5,True,15,True,0,0.0,True,0,0.0
59,118,15,0.45,0.5,True,15,True,0,0.0,True,0,0.0
60,118,15,0.45,0.5,True,15,True,0,0.0,True,0,0.0
61,118,15,0.45,0.5,True,15,True,0,0.0,True,0,0.0
62,118,15,0.45,0.5,True,15,True,0,0.0,True,0,0.0
63,118,15,0.45,0.5,True,15,True,0,0.0,True,0,0.0
64,118,15,0.45,0.5,True,15,True,0,0.0,True,0,0.0
65,118,15,0.45,0.5,False,15,True,0,0.0,True,0,0.0
66,118,15,0.45,0.5,True,15,True,0,0.0,True,0,0.0
67,118,15,0.45,0.5,False,15,True,0,0.0,True,0,0.0
68,118,15,0.45,0.5,False,15,True,0,0.0,True,0,0.0
69,118,15,0.45,0.5,True,15,True,0,0.0,True,0,0.0
70,118,15,0.45,0.5,True,15,True,0,0.0,True,0,0.0
71,118,15,0.45,0.5,False,15,True,0,0.0,True,0,0.0
72,118,15,0.45,0.5,True,15,True,0,0.0,True,0,0.0
73,118,15,0.45,0.5,False,15,True,0,0.0,True,0,0.0
74,118,15,0.45,0.5,True,15,True,0,0.0,True,0,0.0
75,118,15,0.45,0.5,True,15,True,0,0.0,True,0,0.0
76,118,15,0.45,0.5,True,15,True,0,0.0,True,0,0.0
77,118,15,0.45,0.5,True,15,True,0,0.0,True,0,0.0
78,118,15,0.45,0.5,True,15,True,0,0.0,True,0,0.0
79,118,15,0.45,0.5,True,15,True,0,0.0,True,0,0.0
80,118,15,0.45,0.5,True,15,True,0,0.0,True,0,0.0
81,118,15,0.45,0.5,False,15,True,0,0.0,True,0,0.0
82,118,15,0.45,0.5,False,15,True,0,0.0,True,0,0.0
83,118,15,0.45,0.5,True,15,True,0,0.0,True,0,0.0
84,118,15,0.45,0.5,False,15,True,0,0.0,True,0,0.0
85,118,15,0.45,0.5,True,15,True,0,0.0,True,0,0.0
86,118,15,0.45,0.5,True,15,True,0,0.0,True,0,0.0
87,118,15,0.45,0.5,True,15,True,0,0.0,True,0,0.0
88,118,15,0.45,0.5,True,15,True,0,0.0,True,0,0.0
89,118,15,0.45,0.5,True,15,True,0,0.0,True,0,0.0
90,118,15,0.45,0.5,True,15,True,0,0.0,True,0,0.0
91,118,15,0.45,0.5,True,15,True,0,0.0,True,0,0.0
92,118,15,0.45,0.5,False,15,True,0,0.0,True,0,0.0
93,118,15,0.45,0.5,True,15,True,0,0.0,True,0,0.0
94,118,15,0.45,0.5,True,15,True,0,0.0,True,0,0.0
95,118,15,0.45,0.5,False,15,True,0,0.0,True,0,0.0
96,118,15,0.45,0.5,True,15,True,0,0.0,True,0,0.0
97,118,15,0.45,0.5,False,15,True,0,0.0,True,0,0.0
98,118,15,0.45,0.5,False,15,True,0,0.0,True,0,0.0
99,118,15,0.45,0.5,True,15,True,0,0.0,True,0,0.0
0,118,20,0.45,0.5,True,20,True,0,0.0,True,0,0.0
1,118,20,0.45,0.5,False,20,True,0,0.0,True,0,0.0
2,118,20,0.45,0.5,True,20,True,0,0.0,True,0,0.0
3,118,20,0.45,0.5,True,20,True,0,0.0,True,0,0.0
4,118,20,0.45,0.5,False,20,True,0,0.0,True,0,0.0
5,118,20,0.45,0.5,True,20,True,0,0.0,True,0,0.0
6,118,20,0.45,0.5,False,20,True,0,0.0,True,0,0.0
7,118,20,0.45,0.5,True,20,True,0,0.0,True,0,0.0
8,118,20,0.45,0.5,False,20,True,0,0.0,True,0,0.0
9,118,20,0.45,0.5,False,20,True,0,0.0,True,0,0.0
10,118,20,0.45,0.5,True,20,True,0,0.0,True,0,0.0
11,118,20,0.45,0.5,True,20,True,0,0.0,True,0,0.0
12,118,20,0.45,0.5,False,20,True,0,0.0,True,0,0.0
13,118,20,0.45,0.5,True,20,True,0,0.0,True,0,0.0
14,118,20,0.45,0.5,False,20,True,0,0.0,True,0,0.0
15,118,20,0.45,0.5,True,20,True,0,0.0,True,0,0.0
16,118,20,0.45,0.5,False,20,True,0,0.0,True,0,0.0
17,118,20,0.45,0.5,False,20,True,0,0.0,True,0,0.0
18,118,20,0.45,0.5,True,20,True,0,0.0,True,0,0.0
19,118,20,0.45,0.5,True,20,True,0,0.0,True,0,0.0
20,118,20,0.45,0.5,False,20,True,0,0.0,True,0,0.0
21,118,20,0.45,0.5,False,20,True,0,0.0,True,0,0.0
22,118,20,0.45,0.5,False,20,True,0,0.0,True,0,0.0
23,118,20,0.45,0.5,False,20,True,0,0.0,True,0,0.0
24,118,20,0.45,0.5,True,20,True,0,0.0,True,0,0.0
25,118,20,0.45,0.5,False,20,True,0,0.0,True,0,0.0
26,118,20,0.45,0.5,False,20,True,0,0.0,True,0,0.0
27,118,20,0.45,0.5,True,20,True,0,0.0,True,0,0.0
28,118,20,0.45,0.5,True,20,True,0,0.0,True,0,0.0
29,118,20,0.45,0.5,True,20,True,0,0.0,True,0,0.0
30,118,20,0.45,0.5,False,20,True,0,0.0,True,0,0.0
31,118,20,0.45,0.5,True,20,True,0,0.0,True,0,0.0
32,118,20,0.45,0.5,False,20,True,0,0.0,True,0,0.0
33,118,20,0.45,0.5,True,20,True,0,0.0,True,0,0.0
34,118,20,0.45,0.5,True,20,True,0,0.0,True,0,0.0
35,118,20,0.45,0.5,False,20,True,0,0.0,True,0,0.0
36,118,20,0.45,0.5,True,20,True,0,0.0,True,0,0.0
37,118,20,0.45,0.5,True,20,True,0,0.0,True,0,0.0
38,118,20,0.45,0.5,False,20,True,0,0.0,True,0,0.0
39,118,20,0.45,0.5,True,20,True,0,0.0,True,0,0.0
40,118,20,0.45,0.5,True,20,True,0,0.0,True,0,0.0
41,118,20,0.45,0.5,True,20,True,0,0.0,True,0,0.0
42,118,20,0.45,0.5,True,20,True,0,0.0,True,0,0.0
43,118,20,0.45,0.5,True,20,True,0,0.0,True,0,0.0
44,118,20,0.45,0.5,True,20,True,0,0.0,True,0,0.0
45,118,20,0.45,0.5,False,20,True,0,0.0,True,0,0.0
46,118,20,0.45,0.5,True,20,True,0,0.0,True,0,0.0
47,118,20,0.45,0.5,False,20,True,0,0.0,True,0,0.0
48,118,20,0.45,0.5,False,20,True,0,0.0,True,0,0.0
49,118,20,0.45,0.5,True,20,True,0,0.0,True,0,0.0
50,118,20,0.45,0.5,True,20,True,0,0.0,True,0,0.0
51,118,20,0.45,0.5,True,20,True,0,0.0,True,0,0.0
52,118,20,0.45,0.5,True,20,True,0,0.0,True,0,0.0
53,118,20,0.45,0.5,True,20,True,0,0.0,True,0,0.0
54,118,20,0.45,0.5,True,20,True,0,0.0,True,0,0.0
55,118,20,0.45,0.5,True,20,True,0,0.0,True,0,0.0
56,118,20,0.45,0.5,False,20,True,0,0.0,True,0,0.0
57,118,20,0.45,0.5,True,20,True,0,0.0,True,0,0.0
58,118,20,0.45,0.5,True,20,True,0,0.0,True,0,0.0
59,118,20,0.45,0.5,True,20,True,0,0.0,True,0,0.0
60,118,20,0.45,0.5,True,20,True,0,0.0,True,0,0.0
61,118,20,0.45,0.5,True,20,True,0,0.0,True,0,0.0
62,118,20,0.45,0.5,True,20,True,0,0.0,True,0,0.0
63,118,20,0.45,0.5,True,20,True,0,0.0,True,0,0.0
64,118,20,0.45,0.5,True,20,True,0,0.0,True,0,0.0
65,118,20,0.45,0.5,False,20,True,0,0.0,True,0,0.0
66,118,20,0.45,0.5,True,20,True,0,0.0,True,0,0.0
67,118,20,0.45,0.5,False,20,True,0,0.0,True,0,0.0
68,118,20,0.45,0.5,False,20,True,0,0.0,True,0,0.0
69,118,20,0.45,0.5,True,20,True,0,0.0,True,0,0.0
70,118,20,0.45,0.5,True,20,True,0,0.0,True,0,0.0
71,118,20,0.45,0.5,False,20,True,0,0.0,True,0,0.0
72,118,20,0.45,0.5,True,20,True,0,0.0,True,0,0.0
73,118,20,0.45,0.5,False,20,True,0,0.0,True,0,0.0
74,118,20,0.45,0.5,True,20,True,0,0.0,True,0,0.0
75,118,20,0.45,0.5,True,20,True,0,0.0,True,0,0.0
76,118,20,0.45,0.5,True,20,True,0,0.0,True,0,0.0
77,118,20,0.45,0.5,True,20,True,0,0.0,True,0,0.0
78,118,20,0.45,0.5,True,20,True,0,0.0,True,0,0.0
79,118,20,0.45,0.5,True,20,True,0,0.0,True,0,0.0
80,118,20,0.45,0.5,True,20,True,0,0.0,True,0,0.0
81,118,20,0.45,0.5,False,20,True,0,0.0,True,0,0.0
82,118,20,0.45,0.5,False,20,True,0,0.0,True,0,0.0
83,118,20,0.45,0.5,True,20,True,0,0.0,True,0,0.0
84,118,20,0.45,0.5,False,20,True,0,0.0,True,0,0.0
85,118,20,0.45,0.5,True,20,True,0,0.0,True,0,0.0
86,118,20,0.45,0.5,True,20,True,0,0.0,True,0,0.0
87,118,20,0.45,0.5,True,20,True,0,0.0,True,0,0.0
88,118,20,0.45,0.5,True,20,True,0,0.0,True,0,0.0
89,118,20,0.45,0.5,True,20,True,0,0.0,True,0,0.0
90,118,20,0.45,0.5,True,20,True,0,0.0,True,0,0.0
91,118,20,0.45,0.5,True,20,True,0,0.0,True,0,0.0
92,118,20,0.45,0.5,False,20,True,0,0.0,True,0,0.0
93,118,20,0.45,0.5,True,20,True,0,0.0,True,0,0.0
94,118,20,0.45,0.5,True,20,True,0,0.0,True,0,0.0
95,118,20,0.45,0.5,False,20,True,0,0.0,True,0,0.0
96,118,20,0.45,0.5,True,20,True,0,0.0,True,0,0.0
97,118,20,0.45,0.5,False,20,True,0,0.0,True,0,0.0
98,118,20,0.45,0.5,False,20,True,0,0.0,True,0,0.0
99,118,20,0.45,0.5,True,20,True,0,0.0,True,0,0.0
