seed,suitability_probability,status,quantity_assignments,quantity_assignment_value,quantity_highest_priority,quantity_secondary_priority,quality_assignments,quality_assignment_value,quality_highest_priority,quality_secondary_priority,aggregate_value_assignments,aggregate_value_assignment_value,aggregate_value_highest_priority,aggregate_value_secondary_priority,quantity_time,quality_time,aggregate_value_time
0,0.3,optimal,7,14,5,1.3333333333333333,7,15,5,1.0,7,21,0,3.0,0.011301517486572266,0.003002166748046875,0.0
1,0.3,optimal,7,12,5,1.3333333333333333,7,15,5,1.3333333333333333,7,22,0,3.3333333333333335,0.0029954910278320312,0.002007722854614258,0.0
2,0.3,optimal,7,10,5,0.6666666666666666,7,11,5,0.6666666666666666,7,18,0,1.3333333333333333,0.0009963512420654297,0.003009796142578125,0.0
3,0.3,optimal,7,16,5,1.6666666666666667,7,17,5,1.6666666666666667,7,24,0,3.6666666666666665,0.004992246627807617,0.002003192901611328,0.0
4,0.3,optimal,7,13,5,1.3333333333333333,7,14,5,1.3333333333333333,7,21,0,3.0,0.0030024051666259766,0.003003358840942383,0.003997325897216797
5,0.3,optimal,7,12,5,1.3333333333333333,7,13,5,1.3333333333333333,7,22,0,3.0,0.0039997100830078125,0.0029931068420410156,0.000997304916381836
6,0.3,optimal,7,13,5,1.3333333333333333,7,15,5,1.3333333333333333,7,22,0,3.3333333333333335,0.0035066604614257812,0.004006385803222656,0.0
7,0.3,optimal,7,12,5,1.3333333333333333,7,15,5,1.3333333333333333,7,23,0,3.6666666666666665,0.004999637603759766,0.0019996166229248047,0.0
8,0.3,optimal,7,11,5,1.0,7,12,5,1.0,7,21,0,2.6666666666666665,0.0040013790130615234,0.0050046443939208984,0.0
9,0.3,optimal,7,12,5,1.3333333333333333,7,12,5,1.3333333333333333,7,20,0,3.0,0.004048824310302734,0.002457857131958008,0.0010254383087158203
10,0.3,optimal,7,12,5,1.0,7,16,5,1.0,7,19,1,2.0,0.004000186920166016,0.003998756408691406,0.0009868144989013672
11,0.3,optimal,7,15,5,1.3333333333333333,7,16,5,1.0,7,21,1,2.6666666666666665,0.0041370391845703125,0.003014087677001953,0.0011401176452636719
12,0.3,optimal,7,13,5,1.3333333333333333,7,15,5,1.0,7,22,0,2.6666666666666665,0.0033893585205078125,0.003658771514892578,0.0009999275207519531
13,0.3,optimal,7,11,5,1.0,7,15,5,1.0,7,21,1,2.6666666666666665,0.003508329391479492,0.002444028854370117,0.0010213851928710938
14,0.3,optimal,7,14,5,1.3333333333333333,7,15,5,1.3333333333333333,7,23,0,3.0,0.005159139633178711,0.00705265998840332,0.004446744918823242
15,0.3,optimal,7,14,5,1.3333333333333333,7,14,5,1.3333333333333333,7,22,0,3.0,0.0030040740966796875,0.0057370662689208984,0.0010037422180175781
16,0.3,optimal,7,11,5,1.3333333333333333,7,14,5,1.3333333333333333,7,22,0,3.3333333333333335,0.0030002593994140625,0.0040013790130615234,0.012016773223876953
17,0.3,optimal,7,12,5,1.0,7,15,5,1.0,7,21,1,2.3333333333333335,0.005003690719604492,0.0049932003021240234,0.0010066032409667969
18,0.3,optimal,7,11,5,0.6666666666666666,7,12,5,0.6666666666666666,7,21,0,2.6666666666666665,0.0010271072387695312,0.0015099048614501953,0.0010018348693847656
19,0.3,optimal,7,12,5,1.3333333333333333,7,15,5,1.0,7,20,0,3.0,0.0019998550415039062,0.004004955291748047,0.0011849403381347656
20,0.3,optimal,7,14,5,1.6666666666666667,7,15,5,1.6666666666666667,7,23,0,3.3333333333333335,0.0029773712158203125,0.003998279571533203,0.0009925365447998047
21,0.3,optimal,7,14,5,1.3333333333333333,7,14,5,1.3333333333333333,7,22,0,3.0,0.003974437713623047,0.004010677337646484,0.0
22,0.3,optimal,7,12,5,0.6666666666666666,7,13,5,0.6666666666666666,7,21,0,2.3333333333333335,0.004908323287963867,0.0030226707458496094,0.0010018348693847656
23,0.3,optimal,7,12,5,1.3333333333333333,7,14,5,1.0,7,21,0,3.0,0.003989696502685547,0.003000497817993164,0.000993967056274414
24,0.3,optimal,7,16,5,1.3333333333333333,7,17,5,1.3333333333333333,7,23,1,3.0,0.0041277408599853516,0.0042307376861572266,0.000995635986328125
25,0.3,optimal,7,11,5,1.0,7,13,5,1.0,7,21,0,2.6666666666666665,0.0030095577239990234,0.004523515701293945,0.001010894775390625
26,0.3,optimal,7,11,5,1.3333333333333333,7,12,5,1.3333333333333333,7,21,0,2.3333333333333335,0.00400233268737793,0.004216670989990234,0.0012288093566894531
27,0.3,optimal,7,13,5,1.3333333333333333,7,14,5,1.0,7,23,0,3.3333333333333335,0.003991603851318359,0.0040013790130615234,0.0009944438934326172
28,0.3,optimal,7,13,5,1.6666666666666667,7,16,5,1.6666666666666667,7,24,0,3.3333333333333335,0.002990245819091797,0.001999378204345703,0.0
29,0.3,optimal,7,12,5,1.0,7,15,5,1.0,7,21,0,2.6666666666666665,0.0030002593994140625,0.004309415817260742,0.0010073184967041016
30,0.3,optimal,7,12,5,1.3333333333333333,7,15,5,1.3333333333333333,7,24,0,3.6666666666666665,0.004000186920166016,0.0050008296966552734,0.0010213851928710938
31,0.3,optimal,7,14,5,1.6666666666666667,7,14,5,1.6666666666666667,7,23,0,3.6666666666666665,0.003004789352416992,0.0060176849365234375,0.001005411148071289
32,0.3,optimal,7,12,5,1.3333333333333333,7,13,5,1.3333333333333333,7,20,0,2.6666666666666665,0.004003763198852539,0.005016326904296875,0.0
33,0.3,optimal,7,14,5,1.6666666666666667,7,15,5,1.6666666666666667,7,25,0,3.6666666666666665,0.006000995635986328,0.008004188537597656,0.0020024776458740234
34,0.3,optimal,7,11,5,1.0,7,12,5,1.0,7,20,0,2.0,0.0010094642639160156,0.005117654800415039,0.0009996891021728516
35,0.3,optimal,7,12,5,1.3333333333333333,7,14,5,1.3333333333333333,7,24,0,3.6666666666666665,0.003999471664428711,0.002533435821533203,0.0009953975677490234
36,0.3,optimal,7,13,5,1.3333333333333333,7,16,5,1.3333333333333333,7,22,0,3.0,0.003032684326171875,0.0041637420654296875,0.0010137557983398438
37,0.3,optimal,7,16,5,1.3333333333333333,7,17,5,1.3333333333333333,7,20,0,3.0,0.003521442413330078,0.002999544143676758,0.001004934310913086
38,0.3,optimal,7,11,5,1.3333333333333333,7,15,5,1.3333333333333333,7,24,0,3.3333333333333335,0.003988981246948242,0.0050013065338134766,0.0009968280792236328
39,0.3,optimal,7,11,5,0.6666666666666666,7,13,5,0.6666666666666666,7,21,0,2.6666666666666665,0.002791166305541992,0.0010004043579101562,0.0009930133819580078
40,0.3,optimal,7,15,5,1.3333333333333333,7,16,5,1.3333333333333333,7,23,0,3.0,0.004277944564819336,0.004288434982299805,0.0
41,0.3,optimal,7,14,5,1.3333333333333333,7,15,5,1.3333333333333333,7,23,0,3.3333333333333335,0.0029990673065185547,0.009270191192626953,0.0029954910278320312
42,0.3,optimal,7,13,5,1.0,7,14,5,1.0,7,20,0,2.6666666666666665,0.002234220504760742,0.0049762725830078125,0.0012924671173095703
43,0.3,optimal,7,10,5,1.0,7,13,5,1.0,7,21,0,2.6666666666666665,0.0040361881256103516,0.004980802536010742,0.003525972366333008
44,0.3,optimal,7,14,5,1.3333333333333333,7,15,5,1.3333333333333333,7,23,0,3.6666666666666665,0.004195690155029297,0.0054628849029541016,0.0009903907775878906
45,0.3,optimal,7,12,5,1.3333333333333333,7,15,5,1.3333333333333333,7,23,0,3.3333333333333335,0.003731966018676758,0.004056453704833984,0.0030028820037841797
46,0.3,optimal,7,12,5,1.3333333333333333,7,16,5,1.3333333333333333,7,22,0,3.3333333333333335,0.002003908157348633,0.005003929138183594,0.001001119613647461
47,0.3,optimal,7,14,5,1.3333333333333333,7,15,5,1.3333333333333333,7,24,0,3.3333333333333335,0.0030007362365722656,0.003991842269897461,0.0009965896606445312
48,0.3,optimal,7,17,4,2.0,7,18,4,1.6666666666666667,7,24,0,3.3333333333333335,0.0043256282806396484,0.001997232437133789,0.0011157989501953125
49,0.3,optimal,7,14,5,1.6666666666666667,7,16,5,1.6666666666666667,7,24,0,3.6666666666666665,0.013016939163208008,0.006512165069580078,0.0010437965393066406
50,0.3,optimal,7,14,5,1.3333333333333333,7,14,5,1.3333333333333333,7,24,0,4.0,0.0062639713287353516,0.003289461135864258,0.0011229515075683594
51,0.3,optimal,7,10,5,1.0,7,12,5,1.0,7,19,1,2.3333333333333335,0.003979682922363281,0.003175497055053711,0.001495361328125
52,0.3,optimal,7,13,5,1.0,7,14,5,1.0,7,20,1,3.0,0.0030117034912109375,0.00199127197265625,0.0009963512420654297
53,0.3,optimal,7,15,5,1.6666666666666667,7,17,5,1.6666666666666667,7,22,0,4.0,0.002995014190673828,0.0030362606048583984,0.0010340213775634766
54,0.3,optimal,7,11,5,1.3333333333333333,7,15,5,1.3333333333333333,7,21,0,2.6666666666666665,0.004004955291748047,0.004798173904418945,0.0
55,0.3,optimal,7,14,5,1.3333333333333333,7,15,5,1.3333333333333333,7,22,0,3.0,0.004126310348510742,0.0059964656829833984,0.0
56,0.3,optimal,7,15,5,1.0,7,15,5,1.0,7,22,0,3.0,0.0040018558502197266,0.004994630813598633,0.0009975433349609375
57,0.3,optimal,7,12,5,1.3333333333333333,7,15,5,1.3333333333333333,7,21,1,2.6666666666666665,0.003004312515258789,0.002982616424560547,0.000993967056274414
58,0.3,optimal,7,11,5,1.3333333333333333,7,14,5,1.3333333333333333,7,20,0,2.3333333333333335,0.0069599151611328125,0.004875659942626953,0.0013206005096435547
59,0.3,optimal,7,15,5,1.3333333333333333,7,16,5,1.3333333333333333,7,21,0,2.3333333333333335,0.004059553146362305,0.003012418746948242,0.0029859542846679688
60,0.3,optimal,7,14,5,1.6666666666666667,7,15,5,1.6666666666666667,7,23,0,3.3333333333333335,0.0035507678985595703,0.0029990673065185547,0.0010042190551757812
61,0.3,optimal,7,14,5,1.6666666666666667,7,15,5,1.6666666666666667,7,21,1,3.0,0.005635261535644531,0.007486820220947266,0.0014889240264892578
62,0.3,optimal,7,15,5,1.6666666666666667,7,15,5,1.6666666666666667,7,23,0,3.6666666666666665,0.0049932003021240234,0.0030133724212646484,0.0009999275207519531
63,0.3,optimal,7,14,5,1.3333333333333333,7,16,5,1.3333333333333333,7,24,0,3.3333333333333335,0.002999544143676758,0.004045963287353516,0.0020003318786621094
64,0.3,optimal,7,12,5,1.3333333333333333,7,15,5,1.3333333333333333,7,21,0,3.0,0.003995656967163086,0.0030024051666259766,0.000997781753540039
65,0.3,optimal,7,13,5,1.3333333333333333,7,14,5,1.3333333333333333,7,22,0,3.0,0.004891395568847656,0.005605936050415039,0.0009999275207519531
66,0.3,optimal,7,10,5,1.0,7,11,5,1.0,7,20,0,2.0,0.006032705307006836,0.0014917850494384766,0.0
67,0.3,optimal,7,12,5,1.3333333333333333,7,16,5,1.0,7,21,1,3.0,0.0039980411529541016,0.0034027099609375,0.0
68,0.3,optimal,7,15,5,1.3333333333333333,7,15,5,1.3333333333333333,7,22,0,3.0,0.0009911060333251953,0.003986358642578125,0.0010144710540771484
69,0.3,optimal,7,13,5,1.6666666666666667,7,15,5,1.6666666666666667,7,25,0,4.333333333333333,0.003000020980834961,0.002001047134399414,0.0009992122650146484
70,0.3,optimal,7,13,5,1.0,7,15,5,1.0,7,22,0,2.6666666666666665,0.0029976367950439453,0.0049839019775390625,0.0010039806365966797
71,0.3,optimal,7,15,5,1.6666666666666667,7,17,5,1.6666666666666667,7,21,0,3.3333333333333335,0.005007505416870117,0.0040013790130615234,0.0009996891021728516
72,0.3,optimal,7,11,5,1.0,7,11,5,1.0,7,23,0,3.3333333333333335,0.0030024051666259766,0.004064083099365234,0.0009992122650146484
73,0.3,optimal,7,12,5,1.0,7,13,5,1.0,7,20,0,2.6666666666666665,0.004006862640380859,0.003997087478637695,0.00099945068359375
74,0.3,optimal,7,15,5,1.6666666666666667,7,18,5,1.6666666666666667,7,21,0,3.0,0.003000020980834961,0.003993034362792969,0.0009984970092773438
75,0.3,optimal,7,13,5,1.3333333333333333,7,16,5,1.3333333333333333,7,25,0,3.6666666666666665,0.004002809524536133,0.00458836555480957,0.001996755599975586
76,0.3,optimal,7,16,5,1.6666666666666667,7,17,5,1.6666666666666667,7,23,0,3.6666666666666665,0.003989696502685547,0.003021240234375,0.0010013580322265625
77,0.3,optimal,7,13,4,1.6666666666666667,7,15,4,1.6666666666666667,7,20,1,2.6666666666666665,0.0,0.0010001659393310547,0.0
78,0.3,optimal,7,10,5,1.0,7,14,5,1.0,7,21,0,2.6666666666666665,0.003998756408691406,0.003003358840942383,0.0
79,0.3,optimal,7,15,5,1.3333333333333333,7,18,5,1.3333333333333333,7,24,0,3.3333333333333335,0.003999948501586914,0.004010677337646484,0.0030062198638916016
80,0.3,optimal,7,13,5,1.3333333333333333,7,16,5,1.3333333333333333,7,22,1,2.6666666666666665,0.003998756408691406,0.004462242126464844,0.0
81,0.3,optimal,7,12,5,1.3333333333333333,7,13,5,1.3333333333333333,7,22,0,3.0,0.003996849060058594,0.003994941711425781,0.004000186920166016
82,0.3,optimal,7,14,5,1.0,7,15,5,1.0,7,20,0,2.6666666666666665,0.003050088882446289,0.0039904117584228516,0.0032668113708496094
83,0.3,optimal,7,12,5,1.3333333333333333,7,14,5,1.3333333333333333,7,20,1,2.3333333333333335,0.004008054733276367,0.004105567932128906,0.0010035037994384766
84,0.3,optimal,7,13,5,1.3333333333333333,7,14,5,1.3333333333333333,7,20,0,2.3333333333333335,0.004003047943115234,0.005003213882446289,0.0010378360748291016
85,0.3,optimal,7,15,5,1.3333333333333333,7,17,5,1.3333333333333333,7,23,0,3.6666666666666665,0.0030045509338378906,0.0029952526092529297,0.0009980201721191406
86,0.3,optimal,7,16,5,1.3333333333333333,7,16,5,1.3333333333333333,7,22,1,2.6666666666666665,0.004000186920166016,0.003446817398071289,0.00099945068359375
87,0.3,optimal,7,12,5,0.6666666666666666,7,16,5,0.6666666666666666,7,20,0,2.0,0.002980470657348633,0.0036835670471191406,0.0009989738464355469
88,0.3,optimal,7,14,5,1.3333333333333333,7,15,5,1.3333333333333333,7,23,0,3.0,0.003975629806518555,0.004000425338745117,0.0
89,0.3,optimal,7,13,5,1.0,7,15,5,1.0,7,20,0,2.3333333333333335,0.003522634506225586,0.0020017623901367188,0.0009999275207519531
90,0.3,optimal,7,12,5,0.6666666666666666,7,14,5,0.6666666666666666,7,19,0,2.3333333333333335,0.004994869232177734,0.0029997825622558594,0.0
91,0.3,optimal,7,14,5,1.3333333333333333,7,16,5,1.3333333333333333,7,21,0,3.0,0.003000974655151367,0.003975629806518555,0.0011563301086425781
92,0.3,optimal,7,13,5,1.3333333333333333,7,16,5,1.3333333333333333,7,23,0,3.0,0.003000974655151367,0.0030002593994140625,0.002996683120727539
93,0.3,optimal,7,12,5,1.6666666666666667,7,16,5,1.6666666666666667,7,24,0,3.6666666666666665,0.0030090808868408203,0.00423431396484375,0.0030007362365722656
94,0.3,optimal,7,13,5,1.3333333333333333,7,16,5,1.3333333333333333,7,21,0,2.6666666666666665,0.004142045974731445,0.004324913024902344,0.002099275588989258
95,0.3,optimal,7,13,4,2.0,7,18,4,1.6666666666666667,7,23,0,3.6666666666666665,0.004000425338745117,0.002996206283569336,0.003232240676879883
96,0.3,optimal,7,15,5,1.3333333333333333,7,16,5,1.3333333333333333,7,21,0,3.0,0.003998756408691406,0.004801034927368164,0.0030155181884765625
97,0.3,optimal,7,11,5,1.0,7,13,5,1.0,7,20,0,2.0,0.0020329952239990234,0.003000020980834961,0.001399993896484375
98,0.3,optimal,7,11,5,1.0,7,13,5,1.0,7,20,0,2.6666666666666665,0.004011392593383789,0.004997730255126953,0.0009965896606445312
99,0.3,optimal,7,13,5,1.0,7,13,5,1.0,7,22,0,2.6666666666666665,0.003996133804321289,0.006221294403076172,0.0009987354278564453
0,0.5,optimal,7,16,5,1.3333333333333333,7,16,5,1.3333333333333333,7,22,0,2.6666666666666665,0.003983497619628906,0.006011009216308594,0.0010066032409667969
1,0.5,optimal,7,13,5,1.3333333333333333,7,18,5,1.3333333333333333,7,23,1,3.0,0.004003763198852539,0.001992464065551758,0.0009996891021728516
2,0.5,optimal,7,12,5,0.6666666666666666,7,12,5,0.6666666666666666,7,20,0,2.0,0.000990152359008789,0.004050016403198242,0.0
3,0.5,optimal,7,16,5,1.6666666666666667,7,17,5,1.6666666666666667,7,24,0,3.6666666666666665,0.0029964447021484375,0.002003908157348633,0.0010004043579101562
4,0.5,optimal,7,14,5,1.3333333333333333,7,16,5,1.3333333333333333,7,23,0,3.0,0.0030002593994140625,0.003998279571533203,0.0037908554077148438
5,0.5,optimal,7,14,5,1.3333333333333333,7,16,5,1.3333333333333333,7,23,0,3.0,0.003004789352416992,0.003033161163330078,0.002991914749145508
6,0.5,optimal,7,15,5,1.3333333333333333,7,17,5,1.3333333333333333,7,23,0,3.3333333333333335,0.003000497817993164,0.0030007362365722656,0.0009958744049072266
7,0.5,optimal,7,16,5,1.3333333333333333,7,17,5,1.3333333333333333,7,24,0,3.6666666666666665,0.004000663757324219,0.002996206283569336,0.0010004043579101562
8,0.5,optimal,7,14,5,1.0,7,14,5,1.0,7,22,0,2.6666666666666665,0.004034996032714844,0.0029985904693603516,0.0010001659393310547
9,0.5,optimal,7,15,5,1.3333333333333333,7,15,5,1.3333333333333333,7,23,0,3.0,0.002994060516357422,0.004064083099365234,0.0010221004486083984
10,0.5,optimal,7,14,5,1.0,7,16,5,1.0,7,22,0,2.6666666666666665,0.00397944450378418,0.004993438720703125,0.0010113716125488281
11,0.5,optimal,7,16,5,1.3333333333333333,7,17,5,1.3333333333333333,7,22,0,3.0,0.004334211349487305,0.0032634735107421875,0.000997781753540039
12,0.5,optimal,7,14,5,1.3333333333333333,7,16,5,1.3333333333333333,7,23,0,3.0,0.0042803287506103516,0.006087541580200195,0.0
13,0.5,optimal,7,12,5,1.0,7,15,5,1.0,7,23,0,3.0,0.005515575408935547,0.001996278762817383,0.0
14,0.5,optimal,7,15,5,1.3333333333333333,7,17,5,1.3333333333333333,7,23,0,3.0,0.003981113433837891,0.004019737243652344,0.003003835678100586
15,0.5,optimal,7,16,5,1.3333333333333333,7,16,5,1.3333333333333333,7,22,0,3.0,0.0030045509338378906,0.004036426544189453,0.0010111331939697266
16,0.5,optimal,7,12,5,1.3333333333333333,7,16,5,1.3333333333333333,7,23,0,3.3333333333333335,0.005002737045288086,0.005002021789550781,0.0039980411529541016
17,0.5,optimal,7,12,5,1.0,7,15,5,1.0,7,21,1,2.3333333333333335,0.004978656768798828,0.004204988479614258,0.0009992122650146484
18,0.5,optimal,7,14,5,0.6666666666666666,7,14,5,0.6666666666666666,7,22,0,2.6666666666666665,0.0009996891021728516,0.0009989738464355469,0.0
19,0.5,optimal,7,12,5,1.3333333333333333,7,15,5,1.0,7,22,0,3.3333333333333335,0.0021250247955322266,0.003113269805908203,0.0
20,0.5,optimal,7,14,5,1.6666666666666667,7,16,5,1.6666666666666667,7,24,0,3.3333333333333335,0.00466156005859375,0.004556417465209961,0.0034759044647216797
21,0.5,optimal,7,16,5,1.3333333333333333,7,16,5,1.3333333333333333,7,24,0,3.3333333333333335,0.0035400390625,0.00412297248840332,0.0009975433349609375
22,0.5,optimal,7,13,5,0.6666666666666666,7,14,5,0.6666666666666666,7,21,0,2.3333333333333335,0.004006624221801758,0.003072023391723633,0.0010192394256591797
23,0.5,optimal,7,14,5,1.3333333333333333,7,16,5,1.0,7,22,0,2.6666666666666665,0.004672050476074219,0.003022432327270508,0.0
24,0.5,optimal,7,17,5,1.3333333333333333,7,18,5,1.3333333333333333,7,24,0,3.3333333333333335,0.004004955291748047,0.0039937496185302734,0.0009915828704833984
25,0.5,optimal,7,13,5,1.0,7,15,5,1.0,7,21,0,2.6666666666666665,0.004010915756225586,0.003000974655151367,0.000997781753540039
26,0.5,optimal,7,12,5,1.3333333333333333,7,15,5,1.3333333333333333,7,22,1,2.6666666666666665,0.004000186920166016,0.004021167755126953,0.0009951591491699219
27,0.5,optimal,7,13,5,1.3333333333333333,7,15,5,1.0,7,24,0,3.6666666666666665,0.004008293151855469,0.0020089149475097656,0.001001119613647461
28,0.5,optimal,7,14,5,1.6666666666666667,7,18,5,1.6666666666666667,7,25,0,3.6666666666666665,0.004009723663330078,0.003446340560913086,0.0020072460174560547
29,0.5,optimal,7,12,5,1.0,7,16,5,1.0,7,21,0,2.3333333333333335,0.003017902374267578,0.00500035285949707,0.0010001659393310547
30,0.5,optimal,7,13,5,1.3333333333333333,7,17,5,1.3333333333333333,7,24,0,3.3333333333333335,0.003000020980834961,0.0039958953857421875,0.0009958744049072266
31,0.5,optimal,7,16,5,1.6666666666666667,7,17,5,1.6666666666666667,7,26,0,4.0,0.004002571105957031,0.0030028820037841797,0.0
32,0.5,optimal,7,12,5,1.3333333333333333,7,16,5,1.3333333333333333,7,22,0,3.3333333333333335,0.003000497817993164,0.0030045509338378906,0.0
33,0.5,optimal,7,14,5,1.6666666666666667,7,15,5,1.6666666666666667,7,26,0,4.0,0.003998279571533203,0.004012346267700195,0.004554271697998047
34,0.5,optimal,7,13,5,1.0,7,14,5,1.0,7,22,0,2.6666666666666665,0.0010035037994384766,0.0019998550415039062,0.0
35,0.5,optimal,7,14,5,1.3333333333333333,7,16,5,1.3333333333333333,7,25,0,3.6666666666666665,0.004535675048828125,0.004004001617431641,0.0009975433349609375
36,0.5,optimal,7,14,5,1.3333333333333333,7,17,5,1.0,7,22,0,3.0,0.004002094268798828,0.006802082061767578,0.0019986629486083984
37,0.5,optimal,7,17,5,1.3333333333333333,7,17,5,1.3333333333333333,7,23,0,3.3333333333333335,0.004013776779174805,0.0035552978515625,0.0009965896606445312
38,0.5,optimal,7,16,5,1.3333333333333333,7,17,5,1.3333333333333333,7,25,0,3.6666666666666665,0.0029976367950439453,0.004010438919067383,0.0010046958923339844
39,0.5,optimal,7,12,5,0.6666666666666666,7,14,5,0.6666666666666666,7,21,0,2.6666666666666665,0.001096487045288086,0.0012278556823730469,0.0023212432861328125
40,0.5,optimal,7,16,5,1.3333333333333333,7,17,5,1.3333333333333333,7,23,0,3.0,0.0019998550415039062,0.004369497299194336,0.0009996891021728516
41,0.5,optimal,7,16,5,1.3333333333333333,7,17,5,1.3333333333333333,7,24,0,3.3333333333333335,0.0029985904693603516,0.0049970149993896484,0.0009968280792236328
42,0.5,optimal,7,15,5,1.0,7,15,5,1.0,7,21,0,2.6666666666666665,0.002003908157348633,0.004004001617431641,0.0
43,0.5,optimal,7,12,5,1.0,7,15,5,1.0,7,22,0,2.6666666666666665,0.0030143260955810547,0.0020432472229003906,0.0031015872955322266
44,0.5,optimal,7,15,5,1.3333333333333333,7,17,5,1.3333333333333333,7,25,0,3.6666666666666665,0.0030035972595214844,0.004004240036010742,0.0009987354278564453
45,0.5,optimal,7,14,5,1.3333333333333333,7,16,5,1.3333333333333333,7,24,0,3.3333333333333335,0.0037031173706054688,0.00425410270690918,0.0037543773651123047
46,0.5,optimal,7,14,5,1.3333333333333333,7,18,5,1.3333333333333333,7,25,0,3.6666666666666665,0.002003908157348633,0.004006624221801758,0.0020003318786621094
47,0.5,optimal,7,16,5,1.3333333333333333,7,17,5,1.3333333333333333,7,24,0,3.3333333333333335,0.003547191619873047,0.004015207290649414,0.000997304916381836
48,0.5,optimal,7,17,4,2.0,7,18,4,1.6666666666666667,7,24,0,3.3333333333333335,0.0041272640228271484,0.0020554065704345703,0.004206180572509766
49,0.5,optimal,7,15,5,1.6666666666666667,7,16,5,1.6666666666666667,7,24,0,3.3333333333333335,0.00704503059387207,0.0054399967193603516,0.0022611618041992188
50,0.5,optimal,7,14,5,1.3333333333333333,7,14,5,1.3333333333333333,7,25,0,4.0,0.0029900074005126953,0.0019998550415039062,0.0
51,0.5,optimal,7,11,5,1.0,7,14,5,1.0,7,22,0,2.6666666666666665,0.0042612552642822266,0.0049130916595458984,0.0014984607696533203
52,0.5,optimal,7,14,5,1.0,7,15,5,1.0,7,22,0,3.3333333333333335,0.003992557525634766,0.0020003318786621094,0.0009996891021728516
53,0.5,optimal,7,16,5,1.6666666666666667,7,19,5,1.6666666666666667,7,25,0,4.333333333333333,0.002995729446411133,0.0020356178283691406,0.0
54,0.5,optimal,7,12,5,1.3333333333333333,7,17,5,1.3333333333333333,7,23,0,3.0,0.0030002593994140625,0.0050776004791259766,0.0010056495666503906
55,0.5,optimal,7,17,5,1.3333333333333333,7,17,5,1.3333333333333333,7,23,0,3.0,0.003410816192626953,0.004795074462890625,0.0009970664978027344
56,0.5,optimal,7,15,5,1.0,7,15,5,1.0,7,23,0,3.0,0.004342079162597656,0.0042989253997802734,0.003147602081298828
57,0.5,optimal,7,13,5,1.3333333333333333,7,16,5,1.3333333333333333,7,22,0,3.0,0.0029900074005126953,0.004247426986694336,0.0009982585906982422
58,0.5,optimal,7,12,5,1.3333333333333333,7,17,5,1.3333333333333333,7,23,0,3.0,0.003996133804321289,0.005076885223388672,0.0
59,0.5,optimal,7,16,5,1.3333333333333333,7,17,5,1.3333333333333333,7,22,0,2.6666666666666665,0.005016803741455078,0.002064228057861328,0.005235195159912109
60,0.5,optimal,7,16,5,1.6666666666666667,7,17,5,1.6666666666666667,7,23,0,3.3333333333333335,0.004008054733276367,0.005192995071411133,0.0010089874267578125
61,0.5,optimal,7,15,5,1.6666666666666667,7,17,5,1.6666666666666667,7,22,0,3.3333333333333335,0.003003835678100586,0.0040013790130615234,0.003397703170776367
62,0.5,optimal,7,16,5,1.6666666666666667,7,18,5,1.6666666666666667,7,25,0,3.6666666666666665,0.004007577896118164,0.003003835678100586,0.0030028820037841797
63,0.5,optimal,7,14,5,1.3333333333333333,7,18,5,1.3333333333333333,7,24,0,3.3333333333333335,0.005009889602661133,0.005059242248535156,0.004620552062988281
64,0.5,optimal,7,13,5,1.3333333333333333,7,16,5,1.3333333333333333,7,23,0,3.0,0.004004716873168945,0.002033710479736328,0.0
65,0.5,optimal,7,16,5,1.3333333333333333,7,17,5,1.3333333333333333,7,24,0,3.3333333333333335,0.003007173538208008,0.004187107086181641,0.0010077953338623047
66,0.5,optimal,7,11,5,1.0,7,13,5,1.0,7,22,0,2.6666666666666665,0.0010972023010253906,0.0010416507720947266,0.0
67,0.5,optimal,7,13,5,1.3333333333333333,7,16,5,1.3333333333333333,7,22,0,2.6666666666666665,0.0037755966186523438,0.004126071929931641,0.001009225845336914
68,0.5,optimal,7,15,5,1.3333333333333333,7,15,5,1.3333333333333333,7,23,0,3.0,0.0010001659393310547,0.0030012130737304688,0.0030002593994140625
69,0.5,optimal,7,14,5,1.6666666666666667,7,17,5,1.6666666666666667,7,25,0,4.333333333333333,0.0029768943786621094,0.0033423900604248047,0.0033702850341796875
70,0.5,optimal,7,13,5,1.0,7,16,5,1.0,7,22,0,2.6666666666666665,0.004009246826171875,0.003993034362792969,0.0
71,0.5,optimal,7,17,5,1.6666666666666667,7,18,5,1.6666666666666667,7,22,0,3.0,0.00500035285949707,0.004518270492553711,0.0
72,0.5,optimal,7,13,5,1.0,7,13,5,1.0,7,24,0,3.3333333333333335,0.003998279571533203,0.003993034362792969,0.000997304916381836
73,0.5,optimal,7,14,5,1.0,7,14,5,1.0,7,21,0,2.3333333333333335,0.0039844512939453125,0.005113840103149414,0.0
74,0.5,optimal,7,16,5,1.6666666666666667,7,18,5,1.6666666666666667,7,24,0,3.3333333333333335,0.003061532974243164,0.003995418548583984,0.000995635986328125
75,0.5,optimal,7,15,5,1.3333333333333333,7,17,5,1.3333333333333333,7,25,0,3.6666666666666665,0.004004955291748047,0.0029985904693603516,0.002995014190673828
76,0.5,optimal,7,17,5,1.6666666666666667,7,18,5,1.6666666666666667,7,23,0,3.3333333333333335,0.0029990673065185547,0.0039975643157958984,0.0
77,0.5,optimal,7,15,4,1.6666666666666667,7,17,4,1.6666666666666667,7,21,1,2.3333333333333335,0.0009989738464355469,0.003004312515258789,0.0009894371032714844
78,0.5,optimal,7,13,5,1.0,7,15,5,1.0,7,21,0,2.6666666666666665,0.0030183792114257812,0.002007722854614258,0.0013017654418945312
79,0.5,optimal,7,15,5,1.3333333333333333,7,18,5,1.3333333333333333,7,24,0,3.3333333333333335,0.004485607147216797,0.0030050277709960938,0.0009970664978027344
80,0.5,optimal,7,16,5,1.3333333333333333,7,18,5,1.3333333333333333,7,23,0,3.0,0.004006147384643555,0.0034995079040527344,0.0
81,0.5,optimal,7,14,5,1.3333333333333333,7,15,5,1.3333333333333333,7,22,0,3.0,0.0030057430267333984,0.004137277603149414,0.0033457279205322266
82,0.5,optimal,7,15,5,1.0,7,17,5,1.0,7,21,0,2.6666666666666665,0.0019829273223876953,0.004499912261962891,0.0009930133819580078
83,0.5,optimal,7,13,5,1.3333333333333333,7,16,5,1.3333333333333333,7,23,0,3.3333333333333335,0.0035393238067626953,0.004015684127807617,0.0009992122650146484
84,0.5,optimal,7,15,5,1.3333333333333333,7,17,5,1.3333333333333333,7,22,1,2.6666666666666665,0.0029959678649902344,0.003996610641479492,0.0
85,0.5,optimal,7,17,5,1.3333333333333333,7,17,5,1.3333333333333333,7,25,0,3.6666666666666665,0.003989696502685547,0.0029973983764648438,0.0009975433349609375
86,0.5,optimal,7,17,5,1.3333333333333333,7,17,5,1.3333333333333333,7,23,0,3.0,0.004000425338745117,0.00400543212890625,0.0
87,0.5,optimal,7,15,5,0.6666666666666666,7,16,5,0.6666666666666666,7,20,0,2.0,0.0039899349212646484,0.003000020980834961,0.0009953975677490234
88,0.5,optimal,7,15,5,1.3333333333333333,7,15,5,1.3333333333333333,7,24,0,3.3333333333333335,0.003002166748046875,0.005000591278076172,0.01005101203918457
89,0.5,optimal,7,14,5,1.0,7,15,5,1.0,7,22,0,2.6666666666666665,0.003999471664428711,0.003002166748046875,0.0
90,0.5,optimal,7,13,5,0.6666666666666666,7,16,5,0.6666666666666666,7,20,1,2.0,0.0029942989349365234,0.004023313522338867,0.001012563705444336
91,0.5,optimal,7,14,5,1.3333333333333333,7,17,5,1.3333333333333333,7,23,0,3.3333333333333335,0.0036635398864746094,0.0044019222259521484,0.000997781753540039
92,0.5,optimal,7,14,5,1.3333333333333333,7,17,5,1.3333333333333333,7,23,0,3.0,0.002995729446411133,0.0039827823638916016,0.0034258365631103516
93,0.5,optimal,7,16,5,1.6666666666666667,7,19,5,1.6666666666666667,7,25,0,3.6666666666666665,0.003996610641479492,0.003997802734375,0.003011465072631836
94,0.5,optimal,7,14,5,1.3333333333333333,7,17,5,1.3333333333333333,7,22,0,2.6666666666666665,0.003993988037109375,0.004993438720703125,0.0008611679077148438
95,0.5,optimal,7,15,4,2.0,7,18,4,1.6666666666666667,7,24,0,3.6666666666666665,0.002999544143676758,0.003000020980834961,0.004003286361694336
96,0.5,optimal,7,17,5,1.3333333333333333,7,18,5,1.3333333333333333,7,23,0,3.0,0.0031588077545166016,0.004029989242553711,0.0030367374420166016
97,0.5,optimal,7,11,5,1.0,7,14,5,1.0,7,22,0,2.6666666666666665,0.003999948501586914,0.0029993057250976562,0.0010085105895996094
98,0.5,optimal,7,13,5,1.0,7,15,5,1.0,7,22,0,2.6666666666666665,0.003997802734375,0.005512714385986328,0.00099945068359375
99,0.5,optimal,7,14,5,1.0,7,14,5,1.0,7,22,0,2.6666666666666665,0.002993345260620117,0.003005504608154297,0.0010030269622802734
0,0.7,optimal,7,17,5,1.3333333333333333,7,17,5,1.3333333333333333,7,23,0,3.0,0.0030045509338378906,0.003994464874267578,0.0
1,0.7,optimal,7,15,5,1.3333333333333333,7,18,5,1.3333333333333333,7,23,0,3.3333333333333335,0.004014015197753906,0.0020110607147216797,0.0
2,0.7,optimal,7,13,5,0.6666666666666666,7,13,5,0.6666666666666666,7,20,0,2.0,0.0,0.004011631011962891,0.0009918212890625
3,0.7,optimal,7,17,5,1.6666666666666667,7,17,5,1.6666666666666667,7,24,0,3.6666666666666665,0.004369258880615234,0.0032911300659179688,0.0
4,0.7,optimal,7,17,5,1.3333333333333333,7,17,5,1.3333333333333333,7,23,0,3.0,0.0030019283294677734,0.005004405975341797,0.004998207092285156
5,0.7,optimal,7,15,5,1.3333333333333333,7,17,5,1.3333333333333333,7,23,0,3.0,0.003996610641479492,0.003002643585205078,0.004000663757324219
6,0.7,optimal,7,17,5,1.3333333333333333,7,18,5,1.3333333333333333,7,23,0,3.3333333333333335,0.003996372222900391,0.0030069351196289062,0.0009970664978027344
7,0.7,optimal,7,16,5,1.3333333333333333,7,17,5,1.3333333333333333,7,25,0,3.6666666666666665,0.003995180130004883,0.0020034313201904297,0.0
8,0.7,optimal,7,16,5,1.0,7,17,5,1.0,7,22,0,2.6666666666666665,0.0029959678649902344,0.0030024051666259766,0.0009989738464355469
9,0.7,optimal,7,17,5,1.3333333333333333,7,17,5,1.3333333333333333,7,23,0,3.0,0.0030007362365722656,0.0040018558502197266,0.000997781753540039
10,0.7,optimal,7,15,5,1.0,7,17,5,1.0,7,22,0,2.6666666666666665,0.002997159957885742,0.004996538162231445,0.001998424530029297
11,0.7,optimal,7,18,5,1.3333333333333333,7,18,5,1.3333333333333333,7,23,0,3.3333333333333335,0.003988504409790039,0.0039980411529541016,0.0
12,0.7,optimal,7,14,5,1.3333333333333333,7,17,5,1.3333333333333333,7,23,0,3.0,0.003998994827270508,0.003036022186279297,0.0
13,0.7,optimal,7,14,5,1.0,7,16,5,1.0,7,23,0,3.0,0.0039958953857421875,0.005004167556762695,0.0
14,0.7,optimal,7,15,5,1.3333333333333333,7,18,5,1.3333333333333333,7,23,0,3.0,0.004003763198852539,0.004323720932006836,0.0030558109283447266
15,0.7,optimal,7,18,5,1.3333333333333333,7,18,5,1.3333333333333333,7,23,0,3.0,0.0029973983764648438,0.004025697708129883,0.0029811859130859375
16,0.7,optimal,7,13,5,1.3333333333333333,7,17,5,1.3333333333333333,7,23,0,3.3333333333333335,0.0030083656311035156,0.003995656967163086,0.002997159957885742
17,0.7,optimal,7,15,5,1.0,7,16,5,1.0,7,22,0,2.6666666666666665,0.004006624221801758,0.0055615901947021484,0.001012563705444336
18,0.7,optimal,7,15,5,0.6666666666666666,7,15,5,0.6666666666666666,7,22,0,2.6666666666666665,0.0010006427764892578,0.0009999275207519531,0.0
19,0.7,optimal,7,14,5,1.3333333333333333,7,16,5,1.3333333333333333,7,23,0,3.3333333333333335,0.002034425735473633,0.0040895938873291016,0.0
20,0.7,optimal,7,16,5,1.6666666666666667,7,17,5,1.6666666666666667,7,24,0,3.3333333333333335,0.003000020980834961,0.003995180130004883,0.002997875213623047
21,0.7,optimal,7,17,5,1.3333333333333333,7,17,5,1.3333333333333333,7,24,0,3.3333333333333335,0.003019094467163086,0.004007816314697266,0.000993490219116211
22,0.7,optimal,7,14,5,0.6666666666666666,7,15,5,0.6666666666666666,7,21,0,2.3333333333333335,0.003477811813354492,0.003267049789428711,0.0009989738464355469
23,0.7,optimal,7,16,5,1.3333333333333333,7,17,5,1.0,7,22,0,2.6666666666666665,0.004106044769287109,0.0039942264556884766,0.0
24,0.7,optimal,7,18,5,1.3333333333333333,7,18,5,1.3333333333333333,7,24,0,3.3333333333333335,0.004017353057861328,0.004015684127807617,0.0009999275207519531
25,0.7,optimal,7,15,5,1.0,7,16,5,1.0,7,22,0,2.6666666666666665,0.0039958953857421875,0.0029985904693603516,0.0010063648223876953
26,0.7,optimal,7,13,5,1.3333333333333333,7,15,5,1.3333333333333333,7,23,0,3.0,0.0039997100830078125,0.0050275325775146484,0.0021245479583740234
27,0.7,optimal,7,14,5,1.3333333333333333,7,15,5,1.3333333333333333,7,25,0,3.6666666666666665,0.0029921531677246094,0.0030028820037841797,0.0009946823120117188
28,0.7,optimal,7,15,5,1.6666666666666667,7,19,5,1.6666666666666667,7,25,0,3.6666666666666665,0.00299072265625,0.003998756408691406,0.0029981136322021484
29,0.7,optimal,7,14,5,1.0,7,16,5,1.0,7,22,0,2.6666666666666665,0.003994464874267578,0.002004384994506836,0.0009968280792236328
30,0.7,optimal,7,15,5,1.3333333333333333,7,17,5,1.3333333333333333,7,25,0,3.6666666666666665,0.003998517990112305,0.0029993057250976562,0.004006147384643555
31,0.7,optimal,7,17,5,1.6666666666666667,7,19,5,1.6666666666666667,7,27,0,4.333333333333333,0.0030028820037841797,0.004025459289550781,0.0020093917846679688
32,0.7,optimal,7,14,5,1.3333333333333333,7,16,5,1.3333333333333333,7,24,0,3.3333333333333335,0.0030095577239990234,0.004422187805175781,0.003029346466064453
33,0.7,optimal,7,15,5,1.6666666666666667,7,17,5,1.6666666666666667,7,26,0,4.0,0.0040132999420166016,0.004991054534912109,0.003416776657104492
34,0.7,optimal,7,15,5,1.0,7,15,5,1.0,7,22,0,2.6666666666666665,0.001001119613647461,0.0009996891021728516,0.0
35,0.7,optimal,7,16,5,1.3333333333333333,7,18,5,1.3333333333333333,7,25,0,3.6666666666666665,0.0039942264556884766,0.004017829895019531,0.0009922981262207031
36,0.7,optimal,7,16,5,1.3333333333333333,7,18,5,1.3333333333333333,7,24,0,3.3333333333333335,0.004000425338745117,0.004022121429443359,0.0009937286376953125
37,0.7,optimal,7,17,5,1.3333333333333333,7,18,5,1.3333333333333333,7,23,0,3.0,0.003637075424194336,0.002077817916870117,0.0011332035064697266
38,0.7,optimal,7,17,5,1.3333333333333333,7,18,5,1.3333333333333333,7,25,0,3.6666666666666665,0.00500941276550293,0.004011631011962891,0.0009996891021728516
39,0.7,optimal,7,14,5,0.6666666666666666,7,15,5,0.6666666666666666,7,21,0,2.6666666666666665,0.0,0.0010039806365966797,0.0
40,0.7,optimal,7,16,5,1.3333333333333333,7,18,5,1.3333333333333333,7,23,0,3.0,0.003995656967163086,0.003998994827270508,0.0009996891021728516
41,0.7,optimal,7,17,5,1.3333333333333333,7,18,5,1.3333333333333333,7,24,0,3.3333333333333335,0.003996849060058594,0.004998922348022461,0.0009999275207519531
42,0.7,optimal,7,15,5,1.0,7,16,5,1.0,7,22,0,2.6666666666666665,0.0019996166229248047,0.005019664764404297,0.0010006427764892578
43,0.7,optimal,7,15,5,1.0,7,17,5,1.0,7,22,0,2.6666666666666665,0.0040018558502197266,0.0030031204223632812,0.003996610641479492
44,0.7,optimal,7,18,5,1.3333333333333333,7,18,5,1.3333333333333333,7,25,0,3.6666666666666665,0.002997875213623047,0.003980159759521484,0.0015048980712890625
45,0.7,optimal,7,16,5,1.3333333333333333,7,17,5,1.3333333333333333,7,24,0,3.3333333333333335,0.003003835678100586,0.005228996276855469,0.0059549808502197266
46,0.7,optimal,7,18,5,1.3333333333333333,7,18,5,1.3333333333333333,7,25,0,4.0,0.0019989013671875,0.004996538162231445,0.003996610641479492
47,0.7,optimal,7,16,5,1.3333333333333333,7,17,5,1.3333333333333333,7,24,0,3.3333333333333335,0.0040051937103271484,0.003998994827270508,0.0
48,0.7,optimal,7,18,4,2.0,7,18,4,2.0,7,24,0,3.3333333333333335,0.004000663757324219,0.005524158477783203,0.0009999275207519531
49,0.7,optimal,7,18,5,1.6666666666666667,7,18,5,1.6666666666666667,7,24,0,3.6666666666666665,0.0029954910278320312,0.004004001617431641,0.0009970664978027344
50,0.7,optimal,7,15,5,1.3333333333333333,7,15,5,1.3333333333333333,7,26,0,4.0,0.0030050277709960938,0.002000570297241211,0.0030219554901123047
51,0.7,optimal,7,13,5,1.0,7,16,5,1.0,7,22,0,2.6666666666666665,0.004023551940917969,0.003991603851318359,0.0010006427764892578
52,0.7,optimal,7,15,5,1.0,7,16,5,1.0,7,23,0,3.0,0.003509521484375,0.003009319305419922,0.0009946823120117188
53,0.7,optimal,7,18,5,1.6666666666666667,7,19,5,1.6666666666666667,7,26,0,4.333333333333333,0.003000020980834961,0.003508329391479492,0.004853487014770508
54,0.7,optimal,7,13,5,1.3333333333333333,7,18,5,1.3333333333333333,7,23,0,3.0,0.0040018558502197266,0.005622148513793945,0.0030164718627929688
55,0.7,optimal,7,17,5,1.3333333333333333,7,17,5,1.3333333333333333,7,23,0,3.0,0.003999948501586914,0.004002094268798828,0.0009999275207519531
56,0.7,optimal,7,16,5,1.0,7,16,5,1.0,7,23,0,3.0,0.004000425338745117,0.003998279571533203,0.0
57,0.7,optimal,7,14,5,1.3333333333333333,7,16,5,1.3333333333333333,7,22,0,3.0,0.004000663757324219,0.005759716033935547,0.005753755569458008
58,0.7,optimal,7,14,5,1.3333333333333333,7,18,5,1.3333333333333333,7,23,0,3.0,0.004762172698974609,0.004463911056518555,0.0010037422180175781
59,0.7,optimal,7,17,5,1.3333333333333333,7,18,5,1.3333333333333333,7,23,0,3.0,0.005003690719604492,0.004004478454589844,0.0030019283294677734
60,0.7,optimal,7,17,5,1.6666666666666667,7,19,5,1.6666666666666667,7,24,0,3.3333333333333335,0.002964019775390625,0.002000570297241211,0.0
61,0.7,optimal,7,18,5,1.6666666666666667,7,18,5,1.6666666666666667,7,23,0,3.0,0.003995418548583984,0.005002021789550781,0.003998279571533203
62,0.7,optimal,7,17,5,1.6666666666666667,7,19,5,1.6666666666666667,7,25,0,3.6666666666666665,0.003995180130004883,0.004004716873168945,0.0035233497619628906
63,0.7,optimal,7,17,5,1.3333333333333333,7,18,5,1.3333333333333333,7,24,0,3.3333333333333335,0.004004240036010742,0.0019979476928710938,0.00362396240234375
64,0.7,optimal,7,14,5,1.3333333333333333,7,17,5,1.3333333333333333,7,24,0,3.6666666666666665,0.003990888595581055,0.0020017623901367188,0.0
65,0.7,optimal,7,17,5,1.3333333333333333,7,18,5,1.3333333333333333,7,24,0,3.3333333333333335,0.004005908966064453,0.003668546676635742,0.0010113716125488281
66,0.7,optimal,7,14,5,1.0,7,14,5,1.0,7,22,0,2.6666666666666665,0.0,0.0,0.000997781753540039
67,0.7,optimal,7,15,5,1.3333333333333333,7,16,5,1.3333333333333333,7,23,0,3.3333333333333335,0.004000186920166016,0.005007505416870117,0.0009949207305908203
68,0.7,optimal,7,15,5,1.3333333333333333,7,15,5,1.3333333333333333,7,23,0,3.0,0.0019989013671875,0.006455898284912109,0.000985860824584961
69,0.7,optimal,7,14,5,1.6666666666666667,7,19,5,1.6666666666666667,7,26,0,4.333333333333333,0.002980947494506836,0.0030035972595214844,0.003999948501586914
70,0.7,optimal,7,16,5,1.0,7,17,5,1.0,7,22,0,2.6666666666666665,0.003002166748046875,0.0031490325927734375,0.0010039806365966797
71,0.7,optimal,7,18,5,1.6666666666666667,7,19,5,1.6666666666666667,7,25,0,3.6666666666666665,0.0040090084075927734,0.004751443862915039,0.0014166831970214844
72,0.7,optimal,7,14,5,1.0,7,15,5,1.0,7,25,0,3.6666666666666665,0.002998828887939453,0.002996206283569336,0.0010099411010742188
73,0.7,optimal,7,15,5,1.0,7,15,5,1.0,7,21,0,2.6666666666666665,0.003300905227661133,0.002903461456298828,0.0009999275207519531
74,0.7,optimal,7,18,5,1.6666666666666667,7,19,5,1.6666666666666667,7,24,0,3.3333333333333335,0.002996683120727539,0.0030050277709960938,0.0010006427764892578
75,0.7,optimal,7,16,5,1.3333333333333333,7,18,5,1.3333333333333333,7,25,0,3.6666666666666665,0.005230903625488281,0.004709005355834961,0.0009999275207519531
76,0.7,optimal,7,18,5,1.6666666666666667,7,19,5,1.6666666666666667,7,24,0,3.3333333333333335,0.0025064945220947266,0.003997325897216797,0.0009982585906982422
77,0.7,optimal,7,17,4,1.6666666666666667,7,19,4,1.6666666666666667,7,22,1,2.6666666666666665,0.0,0.002998828887939453,0.0009984970092773438
78,0.7,optimal,7,14,5,1.0,7,16,5,1.0,7,22,0,2.6666666666666665,0.0029947757720947266,0.0025124549865722656,0.0010025501251220703
79,0.7,optimal,7,15,5,1.3333333333333333,7,18,5,1.3333333333333333,7,24,0,3.3333333333333335,0.003998279571533203,0.004994392395019531,0.0
80,0.7,optimal,7,16,5,1.3333333333333333,7,18,5,1.3333333333333333,7,23,0,3.0,0.0035147666931152344,0.004134416580200195,0.000997781753540039
81,0.7,optimal,7,16,5,1.3333333333333333,7,18,5,1.3333333333333333,7,23,0,3.0,0.003992557525634766,0.003983736038208008,0.00399017333984375
82,0.7,optimal,7,15,5,1.0,7,17,5,1.0,7,22,0,2.6666666666666665,0.0035140514373779297,0.002276897430419922,0.0010042190551757812
83,0.7,optimal,7,16,5,1.3333333333333333,7,18,5,1.3333333333333333,7,24,0,3.3333333333333335,0.0029935836791992188,0.002997159957885742,0.0
84,0.7,optimal,7,17,5,1.3333333333333333,7,18,5,1.3333333333333333,7,22,1,2.6666666666666665,0.003003358840942383,0.0039958953857421875,0.0010242462158203125
85,0.7,optimal,7,18,5,1.3333333333333333,7,18,5,1.3333333333333333,7,25,0,3.6666666666666665,0.004002809524536133,0.002998828887939453,0.0010018348693847656
86,0.7,optimal,7,18,5,1.3333333333333333,7,18,5,1.3333333333333333,7,23,0,3.0,0.002997159957885742,0.003995418548583984,0.0
87,0.7,optimal,7,15,5,0.6666666666666666,7,16,5,0.6666666666666666,7,21,0,2.3333333333333335,0.0029981136322021484,0.0030083656311035156,0.0010082721710205078
88,0.7,optimal,7,16,5,1.3333333333333333,7,16,5,1.3333333333333333,7,24,0,3.3333333333333335,0.004186868667602539,0.005110740661621094,0.0030050277709960938
89,0.7,optimal,7,14,5,1.0,7,16,5,1.0,7,22,0,2.6666666666666665,0.002000093460083008,0.0020012855529785156,0.003993988037109375
90,0.7,optimal,7,13,5,0.6666666666666666,7,16,5,0.6666666666666666,7,21,0,2.3333333333333335,0.002991914749145508,0.004068136215209961,0.0040340423583984375
91,0.7,optimal,7,16,5,1.3333333333333333,7,18,5,1.3333333333333333,7,24,0,3.3333333333333335,0.0029921531677246094,0.004434347152709961,0.0010046958923339844
92,0.7,optimal,7,15,5,1.3333333333333333,7,18,5,1.3333333333333333,7,23,0,3.0,0.0039920806884765625,0.0029985904693603516,0.0029973983764648438
93,0.7,optimal,7,18,5,1.6666666666666667,7,19,5,1.6666666666666667,7,25,0,3.6666666666666665,0.0024843215942382812,0.0037775039672851562,0.004568815231323242
94,0.7,optimal,7,17,5,1.3333333333333333,7,18,5,1.3333333333333333,7,24,0,3.3333333333333335,0.0025169849395751953,0.0030069351196289062,0.0040013790130615234
95,0.7,optimal,7,16,4,2.0,7,19,4,1.6666666666666667,7,25,0,3.6666666666666665,0.0039942264556884766,0.00399470329284668,0.002000093460083008
96,0.7,optimal,7,18,5,1.3333333333333333,7,18,5,1.3333333333333333,7,23,0,3.0,0.003992795944213867,0.0030028820037841797,0.002994060516357422
97,0.7,optimal,7,12,5,1.0,7,14,5,1.0,7,22,0,2.6666666666666665,0.0039942264556884766,0.0030045509338378906,0.0009946823120117188
98,0.7,optimal,7,13,5,1.0,7,15,5,1.0,7,22,0,2.6666666666666665,0.002988576889038086,0.003999948501586914,0.0
99,0.7,optimal,7,16,5,1.0,7,16,5,1.0,7,22,0,2.6666666666666665,0.0033111572265625,0.0029976367950439453,0.0010027885437011719
