seed,scarcity,feasibility,num_resources,feasibility_prob,status,F,T_v,qty_value,qty_critical,qty_vulnerable,qual_value,qual_critical,qual_vulnerable,w_value,w_critical,w_vulnerable
0,high_scarcity,low_feasibility,4,0.3,optimal,4,4,0.32999999999999996,4,0,0.32999999999999996,4,0,1.25,0,1
1,high_scarcity,low_feasibility,4,0.3,optimal,3,3,0.3,3,1,0.3,3,1,1.15,0,0
2,high_scarcity,low_feasibility,4,0.3,optimal,3,3,0.41,3,1,0.6599999999999999,3,1,1.13,1,1
3,high_scarcity,low_feasibility,4,0.3,optimal,4,3,0.38999999999999996,4,0,0.75,4,0,1.25,2,1
4,high_scarcity,low_feasibility,4,0.3,optimal,4,3,0.53,4,0,0.56,4,0,1.25,2,0
5,high_scarcity,low_feasibility,4,0.3,optimal,3,4,0.69,3,0,0.7799999999999999,3,1,1.25,1,0
6,high_scarcity,low_feasibility,4,0.3,optimal,4,4,0.51,4,0,0.51,4,0,1.08,0,1
7,high_scarcity,low_feasibility,4,0.3,optimal,3,4,0.22499999999999998,3,1,0.41000000000000003,3,1,1.25,0,1
8,high_scarcity,low_feasibility,4,0.3,optimal,3,3,0.33,3,0,0.72,3,1,1.25,1,0
9,high_scarcity,low_feasibility,4,0.3,optimal,4,4,0.63,4,0,0.72,4,0,1.25,1,0
10,high_scarcity,low_feasibility,4,0.3,optimal,4,4,0.5499999999999999,4,0,0.5499999999999999,4,0,1.25,1,1
11,high_scarcity,low_feasibility,4,0.3,optimal,4,4,0.6199999999999999,4,0,0.6799999999999999,4,0,1.25,1,2
12,high_scarcity,low_feasibility,4,0.3,optimal,2,4,0.44000000000000006,2,0,1.14,2,2,1.25,2,1
13,high_scarcity,low_feasibility,4,0.3,optimal,4,3,0.255,4,0,0.28500000000000003,4,0,1.19,0,1
14,high_scarcity,low_feasibility,4,0.3,optimal,4,3,0.44,4,0,0.44,4,0,1.13,1,1
15,high_scarcity,low_feasibility,4,0.3,optimal,4,4,0.33999999999999997,4,0,0.33999999999999997,4,0,1.03,0,2
16,high_scarcity,low_feasibility,4,0.3,optimal,4,3,0.7799999999999999,4,0,0.7799999999999999,4,0,1.25,2,0
17,high_scarcity,low_feasibility,4,0.3,optimal,4,3,0.3,4,0,0.66,4,0,1.03,0,0
18,high_scarcity,low_feasibility,4,0.3,optimal,3,4,0.77,3,0,0.55,3,1,1.19,1,0
19,high_scarcity,low_feasibility,4,0.3,optimal,2,4,0.53,2,0,1.05,2,2,1.17,2,1
20,high_scarcity,low_feasibility,4,0.3,optimal,3,3,0.28500000000000003,3,0,0.425,3,1,1.24,1,0
21,high_scarcity,low_feasibility,4,0.3,optimal,3,4,0.28,3,0,0.56,3,1,1.25,1,1
22,high_scarcity,low_feasibility,4,0.3,optimal,3,4,0.3,3,0,0.47000000000000003,3,1,1.25,0,0
23,high_scarcity,low_feasibility,4,0.3,optimal,4,3,0.5,4,0,0.5,4,0,1.17,1,0
24,high_scarcity,low_feasibility,4,0.3,optimal,3,4,0.36,3,1,0.36,3,1,1.25,0,0
25,high_scarcity,low_feasibility,4,0.3,optimal,4,2,0.45999999999999996,4,0,0.45999999999999996,4,0,1.2,1,0
26,high_scarcity,low_feasibility,4,0.3,optimal,4,4,0.36,4,0,0.36,4,0,1.25,0,0
27,high_scarcity,low_feasibility,4,0.3,optimal,4,4,0.5099999999999999,4,0,0.5099999999999999,4,0,1.25,1,0
28,high_scarcity,low_feasibility,4,0.3,optimal,4,3,0.33,4,0,0.33,4,0,1.25,0,1
29,high_scarcity,low_feasibility,4,0.3,optimal,2,4,0.3,2,0,0.7,2,2,1.25,1,0
30,high_scarcity,low_feasibility,4,0.3,optimal,4,4,0.33,4,0,0.33,4,0,1.25,0,0
31,high_scarcity,low_feasibility,4,0.3,optimal,4,4,0.41500000000000004,4,0,0.41500000000000004,4,0,1.24,0,1
32,high_scarcity,low_feasibility,4,0.3,optimal,4,4,0.27,4,0,0.27,4,0,1.03,0,1
33,high_scarcity,low_feasibility,4,0.3,optimal,4,3,0.39,4,0,0.42,4,0,1.16,0,1
34,high_scarcity,low_feasibility,4,0.3,optimal,4,3,0.96,4,0,0.99,4,0,1.25,2,0
35,high_scarcity,low_feasibility,4,0.3,optimal,4,4,0.315,4,0,0.36,4,0,1.25,0,1
36,high_scarcity,low_feasibility,4,0.3,optimal,4,4,0.44,4,0,0.43999999999999995,4,0,1.14,0,1
37,high_scarcity,low_feasibility,4,0.3,optimal,4,3,0.9400000000000001,4,0,1.02,4,0,1.03,2,2
38,high_scarcity,low_feasibility,4,0.3,optimal,4,4,0.74,4,0,0.74,4,0,1.25,1,0
39,high_scarcity,low_feasibility,4,0.3,optimal,3,3,0.27,3,0,0.47000000000000003,3,1,1.25,0,1
40,high_scarcity,low_feasibility,4,0.3,optimal,4,3,0.38999999999999996,4,0,0.42,4,0,1.25,0,0
41,high_scarcity,low_feasibility,4,0.3,optimal,4,4,0.27,4,0,0.3,4,0,1.25,0,0
42,high_scarcity,low_feasibility,4,0.3,optimal,4,3,0.27,4,0,0.3,4,0,1.24,0,3
43,high_scarcity,low_feasibility,4,0.3,optimal,3,3,0.6449999999999999,3,0,0.7200000000000001,3,1,1.06,1,0
44,high_scarcity,low_feasibility,4,0.3,optimal,4,4,0.24,4,0,0.24,4,0,1.25,0,0
45,high_scarcity,low_feasibility,4,0.3,optimal,4,4,0.3,4,0,0.43999999999999995,4,0,1.14,0,0
46,high_scarcity,low_feasibility,4,0.3,optimal,4,4,0.22499999999999998,4,0,0.285,4,0,1.24,0,1
47,high_scarcity,low_feasibility,4,0.3,optimal,3,2,0.53,3,0,0.7799999999999999,3,1,1.2,2,0
48,high_scarcity,low_feasibility,4,0.3,optimal,3,3,0.36,3,0,0.32999999999999996,3,1,0.95,0,1
49,high_scarcity,low_feasibility,4,0.3,optimal,4,3,0.6299999999999999,4,0,0.6299999999999999,4,0,1.24,1,0
50,high_scarcity,low_feasibility,4,0.3,optimal,4,4,0.75,4,0,0.75,4,0,1.03,1,0
51,high_scarcity,low_feasibility,4,0.3,optimal,2,4,0.27,2,0,0.47,2,2,1.17,0,0
52,high_scarcity,low_feasibility,4,0.3,optimal,4,4,0.78,4,0,0.78,4,0,1.24,1,1
53,high_scarcity,low_feasibility,4,0.3,optimal,4,3,0.87,4,0,0.87,4,0,1.24,1,1
54,high_scarcity,low_feasibility,4,0.3,optimal,4,4,0.41999999999999993,4,0,0.5599999999999999,4,0,1.24,0,0
55,high_scarcity,low_feasibility,4,0.3,optimal,4,4,0.45499999999999996,4,0,0.45499999999999996,4,0,1.17,1,0
56,high_scarcity,low_feasibility,4,0.3,optimal,2,4,0.41000000000000003,2,0,0.85,2,2,1.25,1,1
57,high_scarcity,low_feasibility,4,0.3,optimal,4,4,0.69,4,0,0.69,4,0,1.25,1,0
58,high_scarcity,low_feasibility,4,0.3,optimal,4,4,0.5,4,0,0.5,4,0,1.25,1,1
59,high_scarcity,low_feasibility,4,0.3,optimal,2,4,0.45,2,0,0.53,2,2,1.16,1,2
60,high_scarcity,low_feasibility,4,0.3,optimal,4,4,0.315,4,0,0.315,4,0,1.25,0,1
61,high_scarcity,low_feasibility,4,0.3,optimal,4,4,0.27,4,0,0.27,4,0,1.17,0,0
62,high_scarcity,low_feasibility,4,0.3,optimal,4,4,0.36,4,0,0.36,4,0,1.1600000000000001,0,0
63,high_scarcity,low_feasibility,4,0.3,optimal,3,4,0.67,3,0,0.67,3,1,1.02,2,0
64,high_scarcity,low_feasibility,4,0.3,optimal,4,4,0.42,4,0,0.42,4,0,1.25,1,2
65,high_scarcity,low_feasibility,4,0.3,optimal,3,3,0.47000000000000003,3,0,0.53,3,1,1.25,1,0
66,high_scarcity,low_feasibility,4,0.3,optimal,4,3,0.44,4,0,0.47,4,0,1.24,1,0
67,high_scarcity,low_feasibility,4,0.3,optimal,4,2,0.36,4,0,0.36,4,0,1.03,0,1
68,high_scarcity,low_feasibility,4,0.3,optimal,4,3,0.54,4,0,0.54,4,0,1.25,1,1
69,high_scarcity,low_feasibility,4,0.3,optimal,3,3,0.6599999999999999,3,0,0.7699999999999999,3,1,1.24,1,0
70,high_scarcity,low_feasibility,4,0.3,optimal,3,3,0.6499999999999999,3,0,0.6499999999999999,3,0,1.25,0,0
71,high_scarcity,low_feasibility,4,0.3,optimal,4,3,0.355,4,0,0.355,4,0,1.25,0,0
72,high_scarcity,low_feasibility,4,0.3,optimal,3,4,0.6600000000000001,3,0,1.1,3,1,1.25,2,0
73,high_scarcity,low_feasibility,4,0.3,optimal,4,4,0.51,4,0,0.51,4,0,1.25,1,0
74,high_scarcity,low_feasibility,4,0.3,optimal,4,3,0.3,4,0,0.3,4,0,1.25,0,1
75,high_scarcity,low_feasibility,4,0.3,optimal,4,3,0.6,4,0,0.68,4,0,1.03,1,1
76,high_scarcity,low_feasibility,4,0.3,optimal,3,3,0.75,3,0,0.7799999999999999,3,1,1.24,1,0
77,high_scarcity,low_feasibility,4,0.3,optimal,4,4,0.36,4,0,0.36,4,0,1.24,0,1
78,high_scarcity,low_feasibility,4,0.3,optimal,3,3,0.53,3,1,0.56,3,1,1.14,1,0
79,high_scarcity,low_feasibility,4,0.3,optimal,4,4,0.365,4,0,0.585,4,0,1.24,1,0
80,high_scarcity,low_feasibility,4,0.3,optimal,4,3,0.6300000000000001,4,0,0.6300000000000001,4,0,1.25,1,0
81,high_scarcity,low_feasibility,4,0.3,optimal,2,4,0.48,2,0,0.98,2,2,1.25,1,2
82,high_scarcity,low_feasibility,4,0.3,optimal,3,4,0.27,3,1,0.27,3,1,1.14,0,0
83,high_scarcity,low_feasibility,4,0.3,optimal,4,4,0.33,4,0,0.47000000000000003,4,0,0.98,1,2
84,high_scarcity,low_feasibility,4,0.3,optimal,3,4,0.36,3,0,0.51,3,1,1.25,0,1
85,high_scarcity,low_feasibility,4,0.3,optimal,4,4,0.56,4,0,0.56,4,0,1.25,0,2
86,high_scarcity,low_feasibility,4,0.3,optimal,4,4,0.33999999999999997,4,0,0.33999999999999997,4,0,1.25,0,0
87,high_scarcity,low_feasibility,4,0.3,optimal,4,4,0.455,4,0,0.455,4,0,1.25,1,1
88,high_scarcity,low_feasibility,4,0.3,optimal,4,4,0.33999999999999997,4,0,0.37,4,0,1.1500000000000001,1,0
89,high_scarcity,low_feasibility,4,0.3,optimal,3,3,0.7699999999999999,3,0,0.8799999999999999,3,1,1.1099999999999999,1,0
90,high_scarcity,low_feasibility,4,0.3,optimal,4,2,0.56,4,0,0.9199999999999999,4,0,1.24,2,0
91,high_scarcity,low_feasibility,4,0.3,optimal,4,3,0.47000000000000003,4,0,0.47000000000000003,4,0,1.25,0,1
92,high_scarcity,low_feasibility,4,0.3,optimal,4,3,0.53,4,0,0.56,4,0,1.1600000000000001,1,2
93,high_scarcity,low_feasibility,4,0.3,optimal,3,3,0.7250000000000001,3,0,0.8799999999999999,3,1,1.25,1,1
94,high_scarcity,low_feasibility,4,0.3,optimal,3,4,0.33,3,0,0.33,3,1,1.25,0,0
95,high_scarcity,low_feasibility,4,0.3,optimal,4,3,0.31,4,0,0.42000000000000004,4,0,1.25,0,0
96,high_scarcity,low_feasibility,4,0.3,optimal,4,4,0.77,4,0,0.77,4,0,1.25,2,0
97,high_scarcity,low_feasibility,4,0.3,optimal,3,4,0.47,3,0,0.81,3,1,1.25,1,0
98,high_scarcity,low_feasibility,4,0.3,optimal,4,3,0.44999999999999996,4,0,0.8099999999999999,4,0,1.25,2,0
99,high_scarcity,low_feasibility,4,0.3,optimal,3,2,0.24,3,0,0.6599999999999999,3,0,1.25,0,0
0,high_scarcity,medium_feasibility,4,0.45,optimal,4,4,0.32999999999999996,4,0,0.32999999999999996,4,0,1.1600000000000001,0,0
1,high_scarcity,medium_feasibility,4,0.45,optimal,3,4,0.27,3,0,0.41,3,1,1.25,0,0
2,high_scarcity,medium_feasibility,4,0.45,optimal,4,4,0.77,4,0,0.77,4,0,1.25,2,1
3,high_scarcity,medium_feasibility,4,0.45,optimal,4,3,0.75,4,0,0.75,4,0,1.25,2,1
4,high_scarcity,medium_feasibility,4,0.45,optimal,4,3,0.42,4,0,0.5599999999999999,4,0,1.25,2,0
5,high_scarcity,medium_feasibility,4,0.45,optimal,3,4,0.38999999999999996,3,0,0.7799999999999999,3,1,1.25,1,0
6,high_scarcity,medium_feasibility,4,0.45,optimal,3,4,0.41,3,0,0.6200000000000001,3,1,1.16,1,2
7,high_scarcity,medium_feasibility,4,0.45,optimal,4,4,0.255,4,0,0.27,4,0,1.25,0,1
8,high_scarcity,medium_feasibility,4,0.45,optimal,4,4,0.3,4,0,0.6600000000000001,4,0,1.25,1,0
9,high_scarcity,medium_feasibility,4,0.45,optimal,4,4,0.36,4,0,0.72,4,0,1.25,1,0
10,high_scarcity,medium_feasibility,4,0.45,optimal,4,4,0.51,4,0,0.5499999999999999,4,0,1.25,1,1
11,high_scarcity,medium_feasibility,4,0.45,optimal,4,4,0.62,4,0,0.68,4,0,1.25,1,2
12,high_scarcity,medium_feasibility,4,0.45,optimal,3,4,0.615,3,0,1.14,3,1,1.25,2,1
13,high_scarcity,medium_feasibility,4,0.45,optimal,4,4,0.28500000000000003,4,0,0.28500000000000003,4,0,1.2,0,0
14,high_scarcity,medium_feasibility,4,0.45,optimal,4,4,0.33,4,0,0.47,4,0,1.25,1,0
15,high_scarcity,medium_feasibility,4,0.45,optimal,4,4,0.33999999999999997,4,0,0.33999999999999997,4,0,1.25,0,1
16,high_scarcity,medium_feasibility,4,0.45,optimal,4,4,0.42,4,0,0.78,4,0,1.25,2,0
17,high_scarcity,medium_feasibility,4,0.45,optimal,4,3,0.63,4,0,0.6599999999999999,4,0,1.25,1,0
18,high_scarcity,medium_feasibility,4,0.45,optimal,4,4,0.27,4,0,0.38,4,0,1.24,1,1
19,high_scarcity,medium_feasibility,4,0.45,optimal,3,4,0.6600000000000001,3,0,0.75,3,1,1.25,1,1
20,high_scarcity,medium_feasibility,4,0.45,optimal,4,4,0.395,4,0,0.44,4,0,1.25,1,0
21,high_scarcity,medium_feasibility,4,0.45,optimal,4,2,0.27,4,0,0.42,4,0,1.25,1,1
22,high_scarcity,medium_feasibility,4,0.45,optimal,4,4,0.41,4,0,0.41,4,0,1.25,0,0
23,high_scarcity,medium_feasibility,4,0.45,optimal,4,3,0.47,4,0,0.5,4,0,1.25,0,1
24,high_scarcity,medium_feasibility,4,0.45,optimal,4,4,0.3,4,0,0.3,4,0,1.25,0,0
25,high_scarcity,medium_feasibility,4,0.45,optimal,4,3,0.43000000000000005,4,0,0.43000000000000005,4,0,1.25,1,0
26,high_scarcity,medium_feasibility,4,0.45,optimal,4,4,0.36,4,0,0.36,4,0,1.25,0,0
27,high_scarcity,medium_feasibility,4,0.45,optimal,4,4,0.44999999999999996,4,0,0.51,4,0,1.25,1,0
28,high_scarcity,medium_feasibility,4,0.45,optimal,4,4,0.33,4,0,0.33,4,0,1.25,0,1
29,high_scarcity,medium_feasibility,4,0.45,optimal,4,4,0.6300000000000001,4,0,0.77,4,0,1.25,1,0
30,high_scarcity,medium_feasibility,4,0.45,optimal,3,4,0.43999999999999995,3,0,0.47,3,1,1.24,0,0
31,high_scarcity,medium_feasibility,4,0.45,optimal,4,4,0.265,4,0,0.42999999999999994,4,0,1.25,1,0
32,high_scarcity,medium_feasibility,4,0.45,optimal,4,4,0.255,4,0,0.27,4,0,1.25,0,1
33,high_scarcity,medium_feasibility,4,0.45,optimal,4,3,0.39,4,0,0.42,4,0,1.17,1,1
34,high_scarcity,medium_feasibility,4,0.45,optimal,4,4,0.96,4,0,0.99,4,0,1.25,2,0
35,high_scarcity,medium_feasibility,4,0.45,optimal,4,4,0.28500000000000003,4,0,0.36,4,0,1.25,0,1
36,high_scarcity,medium_feasibility,4,0.45,optimal,4,4,0.44,4,0,0.47,4,0,1.25,1,0
37,high_scarcity,medium_feasibility,4,0.45,optimal,4,4,0.94,4,0,1.02,4,0,1.25,2,2
38,high_scarcity,medium_feasibility,4,0.45,optimal,4,4,0.8,4,0,0.8,4,0,1.25,1,0
39,high_scarcity,medium_feasibility,4,0.45,optimal,4,4,0.36,4,0,0.36,4,0,1.25,0,1
40,high_scarcity,medium_feasibility,4,0.45,optimal,4,4,0.38999999999999996,4,0,0.42,4,0,1.25,0,1
41,high_scarcity,medium_feasibility,4,0.45,optimal,4,4,0.3,4,0,0.3,4,0,1.25,0,0
42,high_scarcity,medium_feasibility,4,0.45,optimal,4,4,0.27,4,0,0.3,4,0,1.25,0,2
43,high_scarcity,medium_feasibility,4,0.45,optimal,3,4,0.375,3,0,0.8699999999999999,3,1,1.25,1,1
44,high_scarcity,medium_feasibility,4,0.45,optimal,4,4,0.24,4,0,0.24,4,0,1.25,0,0
45,high_scarcity,medium_feasibility,4,0.45,optimal,4,4,0.41000000000000003,4,0,0.44,4,0,1.25,0,0
46,high_scarcity,medium_feasibility,4,0.45,optimal,4,4,0.3,4,0,0.3,4,0,1.25,0,2
47,high_scarcity,medium_feasibility,4,0.45,optimal,3,3,0.4,3,0,0.7799999999999999,3,1,1.2,2,0
48,high_scarcity,medium_feasibility,4,0.45,optimal,3,3,0.36,3,0,0.36,3,1,1.17,0,1
49,high_scarcity,medium_feasibility,4,0.45,optimal,4,4,0.6000000000000001,4,0,0.6300000000000001,4,0,1.25,1,1
50,high_scarcity,medium_feasibility,4,0.45,optimal,4,4,0.42,4,0,0.78,4,0,1.25,2,0
51,high_scarcity,medium_feasibility,4,0.45,optimal,3,4,0.24,3,0,0.41,3,1,0.94,0,1
52,high_scarcity,medium_feasibility,4,0.45,optimal,4,4,0.75,4,0,0.78,4,0,1.24,1,1
53,high_scarcity,medium_feasibility,4,0.45,optimal,4,4,0.78,4,0,0.78,4,0,1.25,2,1
54,high_scarcity,medium_feasibility,4,0.45,optimal,4,4,0.56,4,0,0.5599999999999999,4,0,1.17,1,0
55,high_scarcity,medium_feasibility,4,0.45,optimal,4,4,0.425,4,0,0.47,4,0,1.25,0,0
56,high_scarcity,medium_feasibility,4,0.45,optimal,2,4,0.31,2,0,0.8499999999999999,2,2,1.25,1,1
57,high_scarcity,medium_feasibility,4,0.45,optimal,4,4,0.72,4,0,0.72,4,0,1.25,1,0
58,high_scarcity,medium_feasibility,4,0.45,optimal,4,4,0.5,4,0,0.5,4,0,1.25,0,1
59,high_scarcity,medium_feasibility,4,0.45,optimal,3,4,0.41,3,0,0.56,3,1,1.24,0,1
60,high_scarcity,medium_feasibility,4,0.45,optimal,4,4,0.28500000000000003,4,0,0.315,4,0,1.25,0,1
61,high_scarcity,medium_feasibility,4,0.45,optimal,4,4,0.27,4,0,0.3,4,0,1.2,0,1
62,high_scarcity,medium_feasibility,4,0.45,optimal,4,4,0.36,4,0,0.36,4,0,1.25,0,0
63,high_scarcity,medium_feasibility,4,0.45,optimal,4,4,0.7,4,0,0.7,4,0,1.24,2,0
64,high_scarcity,medium_feasibility,4,0.45,optimal,4,4,0.42000000000000004,4,0,0.42,4,0,1.25,1,2
65,high_scarcity,medium_feasibility,4,0.45,optimal,4,3,0.5,4,0,0.5,4,0,1.25,1,0
66,high_scarcity,medium_feasibility,4,0.45,optimal,4,4,0.47,4,0,0.47,4,0,1.25,1,1
67,high_scarcity,medium_feasibility,4,0.45,optimal,4,4,0.36,4,0,0.36,4,0,1.25,0,1
68,high_scarcity,medium_feasibility,4,0.45,optimal,4,4,0.5399999999999999,4,0,0.5399999999999999,4,0,1.25,1,1
69,high_scarcity,medium_feasibility,4,0.45,optimal,4,3,0.6600000000000001,4,0,0.74,4,0,1.16,1,0
70,high_scarcity,medium_feasibility,4,0.45,optimal,4,4,0.36,4,0,0.49999999999999994,4,0,1.25,1,0
71,high_scarcity,medium_feasibility,4,0.45,optimal,4,3,0.355,4,0,0.355,4,0,1.25,0,0
72,high_scarcity,medium_feasibility,4,0.45,optimal,4,4,0.96,4,0,0.99,4,0,1.25,2,0
73,high_scarcity,medium_feasibility,4,0.45,optimal,4,4,0.51,4,0,0.51,4,0,1.25,1,0
74,high_scarcity,medium_feasibility,4,0.45,optimal,4,3,0.3,4,0,0.3,4,0,1.25,0,1
75,high_scarcity,medium_feasibility,4,0.45,optimal,4,4,0.6499999999999999,4,0,0.6799999999999999,4,0,1.25,1,2
76,high_scarcity,medium_feasibility,4,0.45,optimal,4,3,0.72,4,0,0.75,4,0,1.24,1,0
77,high_scarcity,medium_feasibility,4,0.45,optimal,4,4,0.3,4,0,0.36,4,0,1.25,0,1
78,high_scarcity,medium_feasibility,4,0.45,optimal,4,4,0.53,4,0,0.53,4,0,1.16,1,0
79,high_scarcity,medium_feasibility,4,0.45,optimal,4,4,0.7250000000000001,4,0,0.7250000000000001,4,0,1.17,1,1
80,high_scarcity,medium_feasibility,4,0.45,optimal,4,4,0.6599999999999999,4,0,0.6599999999999999,4,0,1.25,1,0
81,high_scarcity,medium_feasibility,4,0.45,optimal,3,4,0.42999999999999994,3,0,0.8699999999999999,3,1,1.25,1,2
82,high_scarcity,medium_feasibility,4,0.45,optimal,3,4,0.27,3,0,0.41000000000000003,3,1,1.25,0,1
83,high_scarcity,medium_feasibility,4,0.45,optimal,4,4,0.47000000000000003,4,0,0.47000000000000003,4,0,1.24,0,2
84,high_scarcity,medium_feasibility,4,0.45,optimal,4,4,0.4,4,0,0.4,4,0,1.25,0,1
85,high_scarcity,medium_feasibility,4,0.45,optimal,4,4,0.53,4,0,0.56,4,0,1.25,0,1
86,high_scarcity,medium_feasibility,4,0.45,optimal,4,4,0.33999999999999997,4,0,0.37,4,0,1.25,0,0
87,high_scarcity,medium_feasibility,4,0.45,optimal,4,4,0.455,4,0,0.455,4,0,1.25,1,1
88,high_scarcity,medium_feasibility,4,0.45,optimal,4,4,0.37,4,0,0.37,4,0,1.25,0,0
89,high_scarcity,medium_feasibility,4,0.45,optimal,4,3,0.6299999999999999,4,0,0.77,4,0,1.25,2,0
90,high_scarcity,medium_feasibility,4,0.45,optimal,4,4,0.56,4,0,0.9199999999999999,4,0,1.17,2,0
91,high_scarcity,medium_feasibility,4,0.45,optimal,4,4,0.47,4,0,0.47,4,0,1.25,0,1
92,high_scarcity,medium_feasibility,4,0.45,optimal,4,4,0.53,4,0,0.5599999999999999,4,0,1.25,2,1
93,high_scarcity,medium_feasibility,4,0.45,optimal,4,4,0.725,4,0,0.725,4,0,1.2,1,1
94,high_scarcity,medium_feasibility,4,0.45,optimal,3,4,0.27,3,0,0.4,3,1,1.25,0,0
95,high_scarcity,medium_feasibility,4,0.45,optimal,4,4,0.42000000000000004,4,0,0.42000000000000004,4,0,1.25,0,0
96,high_scarcity,medium_feasibility,4,0.45,optimal,4,4,0.77,4,0,0.77,4,0,1.25,1,0
97,high_scarcity,medium_feasibility,4,0.45,optimal,4,4,0.69,4,0,0.75,4,0,1.25,1,0
98,high_scarcity,medium_feasibility,4,0.45,optimal,4,4,0.6599999999999999,4,0,0.8099999999999999,4,0,1.25,2,0
99,high_scarcity,medium_feasibility,4,0.45,optimal,3,2,0.24,3,0,0.6599999999999999,3,0,1.25,0,0
0,high_scarcity,high_feasibility,4,0.6,optimal,4,4,0.3,4,0,0.33,4,0,1.25,0,1
1,high_scarcity,high_feasibility,4,0.6,optimal,4,4,0.27,4,0,0.27,4,0,1.25,0,0
2,high_scarcity,high_feasibility,4,0.6,optimal,4,4,0.74,4,0,0.77,4,0,1.25,1,1
3,high_scarcity,high_feasibility,4,0.6,optimal,4,4,0.75,4,0,0.75,4,0,1.25,2,1
4,high_scarcity,high_feasibility,4,0.6,optimal,4,4,0.41000000000000003,4,0,0.5599999999999999,4,0,1.25,2,0
5,high_scarcity,high_feasibility,4,0.6,optimal,4,4,0.38999999999999996,4,0,0.75,4,0,1.25,1,0
6,high_scarcity,high_feasibility,4,0.6,optimal,4,4,0.51,4,0,0.51,4,0,1.2,0,1
7,high_scarcity,high_feasibility,4,0.6,optimal,4,4,0.27,4,0,0.27,4,0,1.25,0,2
8,high_scarcity,high_feasibility,4,0.6,optimal,4,4,0.6600000000000001,4,0,0.6600000000000001,4,0,1.25,1,0
9,high_scarcity,high_feasibility,4,0.6,optimal,4,4,0.72,4,0,0.72,4,0,1.25,1,0
10,high_scarcity,high_feasibility,4,0.6,optimal,4,4,0.49,4,0,0.5499999999999999,4,0,1.25,1,1
11,high_scarcity,high_feasibility,4,0.6,optimal,4,4,0.6799999999999999,4,0,0.68,4,0,1.25,1,2
12,high_scarcity,high_feasibility,4,0.6,optimal,3,4,0.7350000000000001,3,0,1.14,3,1,1.25,2,1
13,high_scarcity,high_feasibility,4,0.6,optimal,4,4,0.255,4,0,0.3,4,0,1.25,0,0
14,high_scarcity,high_feasibility,4,0.6,optimal,4,4,0.44000000000000006,4,0,0.47,4,0,1.25,1,0
15,high_scarcity,high_feasibility,4,0.6,optimal,4,4,0.33999999999999997,4,0,0.33999999999999997,4,0,1.25,0,1
16,high_scarcity,high_feasibility,4,0.6,optimal,4,4,0.78,4,0,0.78,4,0,1.25,2,0
17,high_scarcity,high_feasibility,4,0.6,optimal,4,4,0.3,4,0,0.66,4,0,1.25,1,0
18,high_scarcity,high_feasibility,4,0.6,optimal,3,4,0.38,3,0,0.52,3,1,1.25,1,0
19,high_scarcity,high_feasibility,4,0.6,optimal,4,4,0.36,4,0,0.72,4,0,1.25,1,1
20,high_scarcity,high_feasibility,4,0.6,optimal,4,4,0.285,4,0,0.43999999999999995,4,0,1.24,1,0
21,high_scarcity,high_feasibility,4,0.6,optimal,4,3,0.27,4,0,0.42,4,0,1.25,1,0
22,high_scarcity,high_feasibility,4,0.6,optimal,4,4,0.27,4,0,0.41,4,0,1.25,1,0
23,high_scarcity,high_feasibility,4,0.6,optimal,4,4,0.5,4,0,0.5,4,0,1.25,1,0
24,high_scarcity,high_feasibility,4,0.6,optimal,4,4,0.3,4,0,0.3,4,0,1.25,0,0
25,high_scarcity,high_feasibility,4,0.6,optimal,4,4,0.45999999999999996,4,0,0.45999999999999996,4,0,1.25,1,1
26,high_scarcity,high_feasibility,4,0.6,optimal,4,4,0.36,4,0,0.36,4,0,1.25,0,0
27,high_scarcity,high_feasibility,4,0.6,optimal,4,4,0.36,4,0,0.51,4,0,1.25,1,0
28,high_scarcity,high_feasibility,4,0.6,optimal,4,4,0.33,4,0,0.33,4,0,1.25,0,0
29,high_scarcity,high_feasibility,4,0.6,optimal,4,4,0.63,4,0,0.7699999999999999,4,0,1.25,2,0
30,high_scarcity,high_feasibility,4,0.6,optimal,4,4,0.3,4,0,0.32999999999999996,4,0,1.25,0,0
31,high_scarcity,high_feasibility,4,0.6,optimal,4,4,0.375,4,0,0.43,4,0,1.25,1,0
32,high_scarcity,high_feasibility,4,0.6,optimal,4,4,0.255,4,0,0.27,4,0,1.25,0,0
33,high_scarcity,high_feasibility,4,0.6,optimal,4,4,0.42,4,0,0.42,4,0,1.25,1,1
34,high_scarcity,high_feasibility,4,0.6,optimal,4,4,0.63,4,0,0.99,4,0,1.25,2,0
35,high_scarcity,high_feasibility,4,0.6,optimal,4,4,0.36,4,0,0.36,4,0,1.25,0,1
36,high_scarcity,high_feasibility,4,0.6,optimal,4,4,0.43999999999999995,4,0,0.47,4,0,1.25,1,0
37,high_scarcity,high_feasibility,4,0.6,optimal,4,4,0.9400000000000001,4,0,1.02,4,0,1.25,2,2
38,high_scarcity,high_feasibility,4,0.6,optimal,4,4,0.8,4,0,0.8,4,0,1.25,1,0
39,high_scarcity,high_feasibility,4,0.6,optimal,4,4,0.36,4,0,0.36,4,0,1.25,0,1
40,high_scarcity,high_feasibility,4,0.6,optimal,4,4,0.32999999999999996,4,0,0.42000000000000004,4,0,1.25,0,0
41,high_scarcity,high_feasibility,4,0.6,optimal,4,4,0.3,4,0,0.3,4,0,1.25,0,0
42,high_scarcity,high_feasibility,4,0.6,optimal,4,4,0.27,4,0,0.3,4,0,1.25,0,2
43,high_scarcity,high_feasibility,4,0.6,optimal,4,4,0.78,4,0,0.78,4,0,1.25,1,1
44,high_scarcity,high_feasibility,4,0.6,optimal,4,4,0.24,4,0,0.24,4,0,1.25,0,0
45,high_scarcity,high_feasibility,4,0.6,optimal,4,4,0.44,4,0,0.44,4,0,1.25,1,0
46,high_scarcity,high_feasibility,4,0.6,optimal,4,4,0.3,4,0,0.3,4,0,1.25,0,2
47,high_scarcity,high_feasibility,4,0.6,optimal,4,4,0.42,4,0,0.78,4,0,1.2,2,0
48,high_scarcity,high_feasibility,4,0.6,optimal,4,4,0.42,4,0,0.42,4,0,1.25,0,2
49,high_scarcity,high_feasibility,4,0.6,optimal,4,4,0.6300000000000001,4,0,0.63,4,0,1.25,1,1
50,high_scarcity,high_feasibility,4,0.6,optimal,4,4,0.78,4,0,0.7799999999999999,4,0,1.25,2,0
51,high_scarcity,high_feasibility,4,0.6,optimal,3,4,0.3,3,0,0.41,3,1,1.03,0,0
52,high_scarcity,high_feasibility,4,0.6,optimal,4,4,0.78,4,0,0.78,4,0,1.25,2,1
53,high_scarcity,high_feasibility,4,0.6,optimal,4,4,0.51,4,0,0.7799999999999999,4,0,1.25,2,1
54,high_scarcity,high_feasibility,4,0.6,optimal,4,4,0.56,4,0,0.56,4,0,1.17,1,0
55,high_scarcity,high_feasibility,4,0.6,optimal,4,4,0.47,4,0,0.47,4,0,1.25,1,0
56,high_scarcity,high_feasibility,4,0.6,optimal,4,4,0.45999999999999996,4,0,0.45999999999999996,4,0,1.25,1,1
57,high_scarcity,high_feasibility,4,0.6,optimal,4,4,0.69,4,0,0.72,4,0,1.25,1,0
58,high_scarcity,high_feasibility,4,0.6,optimal,4,4,0.5,4,0,0.5,4,0,1.25,1,1
59,high_scarcity,high_feasibility,4,0.6,optimal,3,4,0.8300000000000001,3,0,0.56,3,1,1.25,1,1
60,high_scarcity,high_feasibility,4,0.6,optimal,4,4,0.315,4,0,0.315,4,0,1.25,0,1
61,high_scarcity,high_feasibility,4,0.6,optimal,4,4,0.3,4,0,0.3,4,0,1.25,0,0
62,high_scarcity,high_feasibility,4,0.6,optimal,4,4,0.36,4,0,0.36,4,0,1.25,0,1
63,high_scarcity,high_feasibility,4,0.6,optimal,3,4,0.59,3,0,0.73,3,1,1.24,1,0
64,high_scarcity,high_feasibility,4,0.6,optimal,4,4,0.41999999999999993,4,0,0.42,4,0,1.25,1,2
65,high_scarcity,high_feasibility,4,0.6,optimal,4,4,0.5,4,0,0.5,4,0,1.25,0,0
66,high_scarcity,high_feasibility,4,0.6,optimal,4,4,0.47,4,0,0.47,4,0,1.25,0,1
67,high_scarcity,high_feasibility,4,0.6,optimal,4,4,0.36,4,0,0.36,4,0,1.25,0,1
68,high_scarcity,high_feasibility,4,0.6,optimal,4,4,0.5399999999999999,4,0,0.54,4,0,1.25,1,1
69,high_scarcity,high_feasibility,4,0.6,optimal,4,4,0.44,4,0,0.74,4,0,1.25,1,1
70,high_scarcity,high_feasibility,4,0.6,optimal,4,4,0.5,4,0,0.5,4,0,1.25,0,0
71,high_scarcity,high_feasibility,4,0.6,optimal,4,4,0.345,4,0,0.355,4,0,1.25,0,0
72,high_scarcity,high_feasibility,4,0.6,optimal,4,4,0.96,4,0,0.99,4,0,1.25,2,1
73,high_scarcity,high_feasibility,4,0.6,optimal,4,4,0.48000000000000004,4,0,0.51,4,0,1.25,1,0
74,high_scarcity,high_feasibility,4,0.6,optimal,4,4,0.3,4,0,0.3,4,0,1.25,0,1
75,high_scarcity,high_feasibility,4,0.6,optimal,4,4,0.68,4,0,0.68,4,0,1.25,1,2
76,high_scarcity,high_feasibility,4,0.6,optimal,4,4,0.69,4,0,0.75,4,0,1.25,1,0
77,high_scarcity,high_feasibility,4,0.6,optimal,4,4,0.36,4,0,0.36,4,0,1.25,0,1
78,high_scarcity,high_feasibility,4,0.6,optimal,4,4,0.5,4,0,0.53,4,0,1.17,0,0
79,high_scarcity,high_feasibility,4,0.6,optimal,4,4,0.74,4,0,0.74,4,0,1.25,1,0
80,high_scarcity,high_feasibility,4,0.6,optimal,4,4,0.3,4,0,0.6599999999999999,4,0,1.25,1,0
81,high_scarcity,high_feasibility,4,0.6,optimal,4,4,0.51,4,0,0.5399999999999999,4,0,1.25,1,1
82,high_scarcity,high_feasibility,4,0.6,optimal,4,4,0.255,4,0,0.27,4,0,1.25,0,1
83,high_scarcity,high_feasibility,4,0.6,optimal,4,4,0.47000000000000003,4,0,0.47000000000000003,4,0,1.25,1,1
84,high_scarcity,high_feasibility,4,0.6,optimal,4,4,0.37,4,0,0.4,4,0,1.25,0,1
85,high_scarcity,high_feasibility,4,0.6,optimal,4,4,0.5,4,0,0.56,4,0,1.25,1,1
86,high_scarcity,high_feasibility,4,0.6,optimal,4,4,0.33999999999999997,4,0,0.37,4,0,1.25,0,0
87,high_scarcity,high_feasibility,4,0.6,optimal,4,4,0.455,4,0,0.455,4,0,1.25,1,1
88,high_scarcity,high_feasibility,4,0.6,optimal,4,4,0.37,4,0,0.37,4,0,1.25,0,0
89,high_scarcity,high_feasibility,4,0.6,optimal,4,4,0.77,4,0,0.7699999999999999,4,0,1.25,2,0
90,high_scarcity,high_feasibility,4,0.6,optimal,4,4,0.78,4,0,0.92,4,0,1.25,2,0
91,high_scarcity,high_feasibility,4,0.6,optimal,4,4,0.47,4,0,0.47,4,0,1.25,0,1
92,high_scarcity,high_feasibility,4,0.6,optimal,4,4,0.42,4,0,0.5599999999999999,4,0,1.25,2,1
93,high_scarcity,high_feasibility,4,0.6,optimal,4,4,0.5850000000000001,4,0,0.725,4,0,1.25,1,0
94,high_scarcity,high_feasibility,4,0.6,optimal,4,4,0.33,4,0,0.36,4,0,1.25,0,0
95,high_scarcity,high_feasibility,4,0.6,optimal,4,4,0.31,4,0,0.45,4,0,1.25,1,0
96,high_scarcity,high_feasibility,4,0.6,optimal,4,4,0.6300000000000001,4,0,0.7699999999999999,4,0,1.25,1,0
97,high_scarcity,high_feasibility,4,0.6,optimal,4,4,0.69,4,0,0.7499999999999999,4,0,1.25,1,0
98,high_scarcity,high_feasibility,4,0.6,optimal,4,4,0.44999999999999996,4,0,0.81,4,0,1.25,2,0
99,high_scarcity,high_feasibility,4,0.6,optimal,3,3,0.3,3,0,0.6599999999999999,3,0,1.25,0,0
0,medium_scarcity,low_feasibility,7,0.3,optimal,5,5,0.51,5,1,0.7499999999999999,5,2,1.69,0,1
1,medium_scarcity,low_feasibility,7,0.3,optimal,3,5,0.56,3,0,0.79,3,3,1.7499999999999998,0,1
2,medium_scarcity,low_feasibility,7,0.3,optimal,4,4,1.23,4,1,0.98,4,3,1.5999999999999999,2,2
3,medium_scarcity,low_feasibility,7,0.3,optimal,5,5,0.97,5,1,1.3299999999999998,5,2,1.7999999999999998,2,1
4,medium_scarcity,low_feasibility,7,0.3,optimal,5,5,0.77,5,0,0.8399999999999999,5,2,1.77,2,0
5,medium_scarcity,low_feasibility,7,0.3,optimal,5,5,0.9299999999999999,5,0,1.1300000000000001,5,2,1.7999999999999998,2,1
6,medium_scarcity,low_feasibility,7,0.3,optimal,4,5,0.845,4,1,1.19,4,3,1.5999999999999999,2,2
7,medium_scarcity,low_feasibility,7,0.3,optimal,5,5,0.495,5,1,0.935,5,2,1.77,0,2
8,medium_scarcity,low_feasibility,7,0.3,optimal,5,5,1.07,5,0,0.96,5,2,1.7699999999999998,1,1
9,medium_scarcity,low_feasibility,7,0.3,optimal,5,5,1.1099999999999999,5,0,1.0,5,2,1.77,1,1
10,medium_scarcity,low_feasibility,7,0.3,optimal,4,5,0.8400000000000001,4,1,1.22,4,2,1.74,1,2
11,medium_scarcity,low_feasibility,7,0.3,optimal,5,5,0.8599999999999999,5,0,1.36,5,2,1.7999999999999998,3,2
12,medium_scarcity,low_feasibility,7,0.3,optimal,4,4,1.035,4,1,1.44,4,2,1.7699999999999998,2,1
13,medium_scarcity,low_feasibility,7,0.3,optimal,5,5,0.675,5,0,0.7449999999999999,5,2,1.64,0,1
14,medium_scarcity,low_feasibility,7,0.3,optimal,5,5,0.79,5,1,0.85,5,2,1.74,2,1
15,medium_scarcity,low_feasibility,7,0.3,optimal,5,5,0.6699999999999999,5,0,0.81,5,2,1.7999999999999998,0,2
16,medium_scarcity,low_feasibility,7,0.3,optimal,5,5,1.32,5,1,0.9999999999999999,5,2,1.7999999999999998,2,0
17,medium_scarcity,low_feasibility,7,0.3,optimal,5,5,1.2000000000000002,5,0,0.93,5,2,1.7699999999999998,1,1
18,medium_scarcity,low_feasibility,7,0.3,optimal,5,4,0.5900000000000001,5,1,0.7600000000000002,5,2,1.7199999999999998,1,1
19,medium_scarcity,low_feasibility,7,0.3,optimal,4,5,1.0,4,0,1.05,4,2,1.7,1,2
20,medium_scarcity,low_feasibility,7,0.3,optimal,5,5,0.605,5,2,0.6349999999999999,5,2,1.7999999999999998,1,0
21,medium_scarcity,low_feasibility,7,0.3,optimal,5,4,0.78,5,0,0.8300000000000001,5,2,1.8,1,2
22,medium_scarcity,low_feasibility,7,0.3,optimal,5,5,0.6199999999999999,5,0,0.65,5,2,1.7199999999999998,0,0
23,medium_scarcity,low_feasibility,7,0.3,optimal,5,5,0.77,5,0,0.8799999999999999,5,2,1.7399999999999998,1,3
24,medium_scarcity,low_feasibility,7,0.3,optimal,4,5,0.56,4,0,0.6799999999999999,4,3,1.7999999999999998,0,2
25,medium_scarcity,low_feasibility,7,0.3,optimal,4,5,0.6300000000000001,4,0,0.8,4,3,1.7999999999999998,1,1
26,medium_scarcity,low_feasibility,7,0.3,optimal,5,5,0.6100000000000001,5,0,0.77,5,2,1.7699999999999998,1,1
27,medium_scarcity,low_feasibility,7,0.3,optimal,5,5,0.69,5,0,0.7799999999999999,5,2,1.7999999999999998,1,0
28,medium_scarcity,low_feasibility,7,0.3,optimal,5,4,0.6500000000000001,5,1,0.79,5,2,1.7999999999999998,1,2
29,medium_scarcity,low_feasibility,7,0.3,optimal,4,5,1.0699999999999998,4,0,1.02,4,3,1.7199999999999998,1,0
30,medium_scarcity,low_feasibility,7,0.3,optimal,5,4,0.71,5,0,0.6799999999999999,5,2,1.7999999999999998,0,1
31,medium_scarcity,low_feasibility,7,0.3,optimal,5,5,0.685,5,0,0.7949999999999999,5,2,1.7699999999999998,1,1
32,medium_scarcity,low_feasibility,7,0.3,optimal,5,5,0.5750000000000001,5,0,0.6150000000000001,5,2,1.7999999999999998,0,1
33,medium_scarcity,low_feasibility,7,0.3,optimal,5,5,0.8,5,0,1.02,5,2,1.7699999999999998,1,1
34,medium_scarcity,low_feasibility,7,0.3,optimal,5,5,1.155,5,1,1.1700000000000002,5,2,1.74,2,0
35,medium_scarcity,low_feasibility,7,0.3,optimal,5,4,0.645,5,0,1.025,5,2,1.7199999999999998,0,2
36,medium_scarcity,low_feasibility,7,0.3,optimal,5,5,0.7899999999999998,5,0,0.72,5,2,1.63,1,1
37,medium_scarcity,low_feasibility,7,0.3,optimal,5,5,1.285,5,0,1.47,5,2,1.4999999999999998,4,2
38,medium_scarcity,low_feasibility,7,0.3,optimal,5,5,0.9800000000000002,5,0,1.04,5,2,1.7999999999999998,2,0
39,medium_scarcity,low_feasibility,7,0.3,optimal,5,4,0.68,5,1,0.7200000000000001,5,2,1.7999999999999998,0,2
40,medium_scarcity,low_feasibility,7,0.3,optimal,5,5,0.63,5,0,0.7199999999999999,5,2,1.7199999999999998,2,2
41,medium_scarcity,low_feasibility,7,0.3,optimal,5,5,0.52,5,1,0.71,5,2,1.7999999999999998,0,2
42,medium_scarcity,low_feasibility,7,0.3,optimal,4,5,0.49,4,0,0.98,4,3,1.7999999999999998,0,3
43,medium_scarcity,low_feasibility,7,0.3,optimal,5,4,1.115,5,0,1.095,5,2,1.5899999999999999,1,1
44,medium_scarcity,low_feasibility,7,0.3,optimal,5,5,0.51,5,1,0.46,5,2,1.7999999999999998,0,0
45,medium_scarcity,low_feasibility,7,0.3,optimal,5,5,0.8499999999999999,5,0,0.68,5,2,1.7199999999999998,1,0
46,medium_scarcity,low_feasibility,7,0.3,optimal,5,5,0.7550000000000001,5,1,0.9750000000000001,5,2,1.7699999999999998,1,2
47,medium_scarcity,low_feasibility,7,0.3,optimal,5,4,1.02,5,1,1.0199999999999998,5,2,1.64,2,0
48,medium_scarcity,low_feasibility,7,0.3,optimal,5,5,0.8099999999999999,5,1,0.75,5,2,1.7699999999999998,0,2
49,medium_scarcity,low_feasibility,7,0.3,optimal,5,5,0.8799999999999999,5,0,0.9299999999999999,5,2,1.7999999999999998,1,2
50,medium_scarcity,low_feasibility,7,0.3,optimal,5,5,1.1,5,1,1.08,5,2,1.69,2,0
51,medium_scarcity,low_feasibility,7,0.3,optimal,4,5,0.5399999999999999,4,0,0.6799999999999999,4,3,1.7699999999999998,0,2
52,medium_scarcity,low_feasibility,7,0.3,optimal,5,5,0.96,5,0,1.24,5,2,1.7699999999999998,2,2
53,medium_scarcity,low_feasibility,7,0.3,optimal,4,4,0.75,4,0,1.28,4,2,1.69,3,1
54,medium_scarcity,low_feasibility,7,0.3,optimal,5,5,0.9099999999999998,5,0,0.9099999999999999,5,1,1.6899999999999997,1,1
55,medium_scarcity,low_feasibility,7,0.3,optimal,5,5,0.7749999999999999,5,0,0.775,5,2,1.7699999999999998,2,1
56,medium_scarcity,low_feasibility,7,0.3,optimal,5,5,0.78,5,1,1.06,5,2,1.7199999999999998,1,2
57,medium_scarcity,low_feasibility,7,0.3,optimal,5,5,0.9299999999999999,5,0,0.9299999999999999,5,2,1.77,1,0
58,medium_scarcity,low_feasibility,7,0.3,optimal,5,5,1.04,5,0,0.8150000000000001,5,2,1.77,2,1
59,medium_scarcity,low_feasibility,7,0.3,optimal,4,5,1.04,4,2,1.0999999999999999,4,3,1.64,2,2
60,medium_scarcity,low_feasibility,7,0.3,optimal,4,5,0.5549999999999999,4,2,0.705,4,3,1.7999999999999998,0,1
61,medium_scarcity,low_feasibility,7,0.3,optimal,5,5,0.48,5,2,0.61,5,2,1.7,0,2
62,medium_scarcity,low_feasibility,7,0.3,optimal,5,5,0.96,5,0,0.72,5,2,1.69,0,0
63,medium_scarcity,low_feasibility,7,0.3,optimal,5,5,0.94,5,1,0.97,5,2,1.7699999999999998,3,1
64,medium_scarcity,low_feasibility,7,0.3,optimal,5,5,0.6449999999999999,5,0,1.1,5,2,1.7999999999999998,1,3
65,medium_scarcity,low_feasibility,7,0.3,optimal,4,4,0.8,4,1,0.74,4,3,1.7199999999999998,2,0
66,medium_scarcity,low_feasibility,7,0.3,optimal,5,5,0.6799999999999999,5,0,0.7849999999999999,5,2,1.6600000000000001,1,1
67,medium_scarcity,low_feasibility,7,0.3,optimal,5,4,0.54,5,1,0.9299999999999999,5,2,1.8,1,1
68,medium_scarcity,low_feasibility,7,0.3,optimal,5,4,0.78,5,0,0.72,5,2,1.7699999999999998,1,1
69,medium_scarcity,low_feasibility,7,0.3,optimal,5,5,1.12,5,0,1.0399999999999998,5,2,1.7699999999999998,2,1
70,medium_scarcity,low_feasibility,7,0.3,optimal,5,5,0.72,5,1,0.8200000000000001,5,1,1.7999999999999998,2,0
71,medium_scarcity,low_feasibility,7,0.3,optimal,5,4,0.625,5,1,0.655,5,2,1.7999999999999998,0,0
72,medium_scarcity,low_feasibility,7,0.3,optimal,5,5,1.17,5,1,1.37,5,1,1.77,2,2
73,medium_scarcity,low_feasibility,7,0.3,optimal,5,5,0.8300000000000001,5,0,0.7799999999999999,5,2,1.7999999999999998,2,0
74,medium_scarcity,low_feasibility,7,0.3,optimal,5,5,0.5999999999999999,5,0,0.6599999999999999,5,2,1.7999999999999998,0,1
75,medium_scarcity,low_feasibility,7,0.3,optimal,5,4,0.92,5,0,1.64,5,2,1.7999999999999998,3,2
76,medium_scarcity,low_feasibility,7,0.3,optimal,5,5,1.3199999999999998,5,0,0.945,5,2,1.72,2,0
77,medium_scarcity,low_feasibility,7,0.3,optimal,5,5,0.5700000000000001,5,1,0.9299999999999998,5,2,1.7999999999999998,0,1
78,medium_scarcity,low_feasibility,7,0.3,optimal,5,4,0.8599999999999999,5,1,0.8599999999999999,5,2,1.74,1,0
79,medium_scarcity,low_feasibility,7,0.3,optimal,5,5,0.905,5,0,0.905,5,2,1.75,2,0
80,medium_scarcity,low_feasibility,7,0.3,optimal,5,5,0.8799999999999999,5,1,0.9599999999999999,5,2,1.7999999999999998,1,1
81,medium_scarcity,low_feasibility,7,0.3,optimal,4,5,0.99,4,1,1.58,4,2,1.7999999999999998,2,3
82,medium_scarcity,low_feasibility,7,0.3,optimal,5,4,0.465,5,0,0.605,5,1,1.7399999999999998,0,2
83,medium_scarcity,low_feasibility,7,0.3,optimal,5,5,0.7850000000000001,5,0,1.1500000000000001,5,2,1.7199999999999998,2,2
84,medium_scarcity,low_feasibility,7,0.3,optimal,4,5,0.72,4,1,1.12,4,2,1.67,1,1
85,medium_scarcity,low_feasibility,7,0.3,optimal,5,5,1.13,5,1,1.24,5,2,1.7199999999999998,2,2
86,medium_scarcity,low_feasibility,7,0.3,optimal,5,5,0.64,5,0,0.8299999999999998,5,2,1.7999999999999998,0,2
87,medium_scarcity,low_feasibility,7,0.3,optimal,4,5,0.6449999999999999,4,0,0.695,4,3,1.7999999999999998,1,1
88,medium_scarcity,low_feasibility,7,0.3,optimal,5,5,0.6100000000000001,5,1,0.7,5,2,1.6699999999999997,1,0
89,medium_scarcity,low_feasibility,7,0.3,optimal,3,5,0.8399999999999999,3,1,1.2599999999999998,3,3,1.5499999999999998,1,1
90,medium_scarcity,low_feasibility,7,0.3,optimal,5,4,1.1700000000000002,5,1,1.1600000000000001,5,2,1.69,3,0
91,medium_scarcity,low_feasibility,7,0.3,optimal,5,5,0.6499999999999999,5,0,0.83,5,2,1.7999999999999998,2,1
92,medium_scarcity,low_feasibility,7,0.3,optimal,5,5,0.7400000000000001,5,0,1.1600000000000001,5,2,1.77,2,2
93,medium_scarcity,low_feasibility,7,0.3,optimal,5,5,1.265,5,0,1.135,5,2,1.69,2,2
94,medium_scarcity,low_feasibility,7,0.3,optimal,4,5,0.51,4,0,0.93,4,2,1.77,0,0
95,medium_scarcity,low_feasibility,7,0.3,optimal,5,5,0.66,5,0,0.7199999999999999,5,2,1.77,1,1
96,medium_scarcity,low_feasibility,7,0.3,optimal,5,5,1.01,5,0,1.1,5,2,1.7999999999999998,2,1
97,medium_scarcity,low_feasibility,7,0.3,optimal,4,5,0.74,4,0,1.16,4,3,1.7999999999999998,1,2
98,medium_scarcity,low_feasibility,7,0.3,optimal,5,5,0.9900000000000001,5,1,1.08,5,2,1.61,2,2
99,medium_scarcity,low_feasibility,7,0.3,optimal,3,5,0.6449999999999999,3,1,0.9899999999999999,3,3,1.69,1,1
0,medium_scarcity,medium_feasibility,7,0.45,optimal,5,5,0.6499999999999999,5,1,0.75,5,2,1.77,1,1
1,medium_scarcity,medium_feasibility,7,0.45,optimal,5,5,0.5900000000000001,5,2,0.6200000000000001,5,2,1.7999999999999998,0,1
2,medium_scarcity,medium_feasibility,7,0.45,optimal,5,5,0.99,5,1,1.3099999999999998,5,2,1.7699999999999998,2,1
3,medium_scarcity,medium_feasibility,7,0.45,optimal,5,4,1.02,5,0,1.32,5,2,1.7999999999999998,2,1
4,medium_scarcity,medium_feasibility,7,0.45,optimal,5,5,0.77,5,0,0.8400000000000001,5,2,1.7999999999999998,2,0
5,medium_scarcity,medium_feasibility,7,0.45,optimal,5,5,1.07,5,0,1.13,5,2,1.7999999999999998,2,1
6,medium_scarcity,medium_feasibility,7,0.45,optimal,5,5,0.92,5,1,1.1900000000000002,5,2,1.6300000000000001,2,2
7,medium_scarcity,medium_feasibility,7,0.45,optimal,5,5,0.525,5,0,0.935,5,2,1.7999999999999998,0,2
8,medium_scarcity,medium_feasibility,7,0.45,optimal,5,5,0.8799999999999999,5,0,0.96,5,2,1.7999999999999998,1,0
9,medium_scarcity,medium_feasibility,7,0.45,optimal,5,5,0.99,5,0,1.0,5,2,1.7999999999999998,2,0
10,medium_scarcity,medium_feasibility,7,0.45,optimal,5,5,0.7599999999999999,5,0,1.1199999999999999,5,2,1.8,1,1
11,medium_scarcity,medium_feasibility,7,0.45,optimal,5,5,0.8999999999999999,5,1,1.3599999999999999,5,2,1.7999999999999998,3,2
12,medium_scarcity,medium_feasibility,7,0.45,optimal,5,5,0.9750000000000001,5,0,1.365,5,2,1.7999999999999998,2,1
13,medium_scarcity,medium_feasibility,7,0.45,optimal,5,5,0.6449999999999999,5,0,0.7449999999999999,5,2,1.7999999999999998,0,2
14,medium_scarcity,medium_feasibility,7,0.45,optimal,5,5,0.6499999999999999,5,0,0.8500000000000001,5,2,1.7999999999999998,1,1
15,medium_scarcity,medium_feasibility,7,0.45,optimal,5,5,0.5499999999999999,5,0,0.81,5,2,1.7999999999999998,0,2
16,medium_scarcity,medium_feasibility,7,0.45,optimal,5,5,1.0199999999999998,5,0,1.0,5,2,1.7999999999999998,2,0
17,medium_scarcity,medium_feasibility,7,0.45,optimal,5,5,1.0699999999999998,5,1,0.9900000000000001,5,2,1.7999999999999998,1,1
18,medium_scarcity,medium_feasibility,7,0.45,optimal,5,5,0.6499999999999999,5,0,0.8699999999999999,5,2,1.7999999999999998,1,2
19,medium_scarcity,medium_feasibility,7,0.45,optimal,5,5,0.99,5,0,1.29,5,2,1.8,1,2
20,medium_scarcity,medium_feasibility,7,0.45,optimal,5,5,0.745,5,0,0.7050000000000001,5,2,1.7999999999999998,1,0
21,medium_scarcity,medium_feasibility,7,0.45,optimal,5,5,0.72,5,1,0.8300000000000001,5,2,1.7999999999999998,1,2
22,medium_scarcity,medium_feasibility,7,0.45,optimal,5,5,0.6799999999999999,5,0,0.65,5,2,1.7999999999999998,1,0
23,medium_scarcity,medium_feasibility,7,0.45,optimal,5,5,0.7699999999999999,5,0,0.99,5,2,1.7999999999999998,1,2
24,medium_scarcity,medium_feasibility,7,0.45,optimal,5,5,0.54,5,1,0.71,5,2,1.7999999999999998,0,2
25,medium_scarcity,medium_feasibility,7,0.45,optimal,5,5,0.78,5,0,0.84,5,2,1.7999999999999998,1,1
26,medium_scarcity,medium_feasibility,7,0.45,optimal,5,5,0.94,5,0,0.77,5,2,1.8,0,2
27,medium_scarcity,medium_feasibility,7,0.45,optimal,5,5,0.8400000000000001,5,0,0.7799999999999999,5,2,1.7999999999999998,1,0
28,medium_scarcity,medium_feasibility,7,0.45,optimal,5,5,0.9299999999999999,5,0,0.79,5,2,1.7999999999999998,1,2
29,medium_scarcity,medium_feasibility,7,0.45,optimal,5,5,0.9500000000000002,5,0,1.02,5,2,1.7999999999999998,2,0
30,medium_scarcity,medium_feasibility,7,0.45,optimal,5,5,0.5999999999999999,5,0,0.6799999999999999,5,2,1.8,0,1
31,medium_scarcity,medium_feasibility,7,0.45,optimal,5,5,1.0450000000000002,5,0,0.7949999999999999,5,2,1.7999999999999998,1,1
32,medium_scarcity,medium_feasibility,7,0.45,optimal,5,5,0.435,5,0,0.6150000000000001,5,2,1.8,0,1
33,medium_scarcity,medium_feasibility,7,0.45,optimal,5,5,0.99,5,0,1.02,5,2,1.7699999999999998,1,1
34,medium_scarcity,medium_feasibility,7,0.45,optimal,5,5,1.23,5,0,1.17,5,2,1.7999999999999998,2,0
35,medium_scarcity,medium_feasibility,7,0.45,optimal,5,5,0.6649999999999999,5,0,1.025,5,2,1.7999999999999998,0,2
36,medium_scarcity,medium_feasibility,7,0.45,optimal,5,5,0.8200000000000001,5,0,0.72,5,2,1.7199999999999998,1,0
37,medium_scarcity,medium_feasibility,7,0.45,optimal,5,5,1.6199999999999999,5,1,1.77,5,2,1.7999999999999998,4,2
38,medium_scarcity,medium_feasibility,7,0.45,optimal,5,5,1.01,5,0,1.04,5,2,1.7999999999999998,2,0
39,medium_scarcity,medium_feasibility,7,0.45,optimal,5,5,0.63,5,0,1.04,5,2,1.7999999999999998,0,2
40,medium_scarcity,medium_feasibility,7,0.45,optimal,5,5,0.63,5,0,0.8800000000000001,5,2,1.7999999999999998,1,2
41,medium_scarcity,medium_feasibility,7,0.45,optimal,5,5,0.615,5,0,0.71,5,2,1.7999999999999998,0,2
42,medium_scarcity,medium_feasibility,7,0.45,optimal,5,5,0.5700000000000001,5,0,0.98,5,2,1.7999999999999998,0,3
43,medium_scarcity,medium_feasibility,7,0.45,optimal,5,5,0.9750000000000001,5,0,1.125,5,2,1.7999999999999998,2,1
44,medium_scarcity,medium_feasibility,7,0.45,optimal,5,4,0.51,5,1,0.49000000000000005,5,2,1.7999999999999998,0,0
45,medium_scarcity,medium_feasibility,7,0.45,optimal,5,5,0.6049999999999999,5,0,0.72,5,2,1.7999999999999998,1,0
46,medium_scarcity,medium_feasibility,7,0.45,optimal,5,5,0.8250000000000002,5,1,0.975,5,2,1.8,0,2
47,medium_scarcity,medium_feasibility,7,0.45,optimal,5,5,1.0999999999999999,5,0,1.02,5,2,1.7999999999999998,2,0
48,medium_scarcity,medium_feasibility,7,0.45,optimal,5,5,1.02,5,0,0.75,5,2,1.7699999999999998,0,2
49,medium_scarcity,medium_feasibility,7,0.45,optimal,5,5,0.87,5,1,1.05,5,2,1.7999999999999998,1,2
50,medium_scarcity,medium_feasibility,7,0.45,optimal,5,5,0.99,5,1,1.08,5,2,1.7999999999999998,2,0
51,medium_scarcity,medium_feasibility,7,0.45,optimal,5,5,0.4799999999999999,5,1,0.6199999999999999,5,2,1.7699999999999998,0,1
52,medium_scarcity,medium_feasibility,7,0.45,optimal,5,5,1.3199999999999998,5,0,1.24,5,2,1.7999999999999998,2,3
53,medium_scarcity,medium_feasibility,7,0.45,optimal,5,5,1.05,5,0,1.25,5,2,1.77,2,3
54,medium_scarcity,medium_feasibility,7,0.45,optimal,5,5,0.9099999999999999,5,0,0.77,5,2,1.7699999999999998,2,0
55,medium_scarcity,medium_feasibility,7,0.45,optimal,5,5,0.7749999999999999,5,1,0.835,5,2,1.7999999999999998,1,1
56,medium_scarcity,medium_feasibility,7,0.45,optimal,5,5,0.8099999999999999,5,0,1.06,5,2,1.7999999999999998,1,1
57,medium_scarcity,medium_feasibility,7,0.45,optimal,5,5,0.9699999999999999,5,1,0.9599999999999999,5,2,1.7999999999999998,1,0
58,medium_scarcity,medium_feasibility,7,0.45,optimal,5,5,0.8200000000000001,5,0,0.83,5,2,1.77,2,1
59,medium_scarcity,medium_feasibility,7,0.45,optimal,5,5,0.8800000000000001,5,0,1.1,5,2,1.8,2,1
60,medium_scarcity,medium_feasibility,7,0.45,optimal,5,5,0.5549999999999999,5,0,0.6749999999999998,5,2,1.8,0,1
61,medium_scarcity,medium_feasibility,7,0.45,optimal,5,5,0.5499999999999999,5,1,0.6100000000000001,5,2,1.8,0,1
62,medium_scarcity,medium_feasibility,7,0.45,optimal,5,5,0.6799999999999999,5,1,0.72,5,2,1.7699999999999998,0,1
63,medium_scarcity,medium_feasibility,7,0.45,optimal,5,5,1.27,5,0,0.9700000000000001,5,2,1.7999999999999998,3,0
64,medium_scarcity,medium_feasibility,7,0.45,optimal,5,5,0.6900000000000001,5,0,1.1,5,2,1.7999999999999998,1,3
65,medium_scarcity,medium_feasibility,7,0.45,optimal,5,5,0.74,5,0,0.74,5,2,1.7999999999999998,2,0
66,medium_scarcity,medium_feasibility,7,0.45,optimal,5,5,0.7699999999999999,5,1,0.8299999999999998,5,2,1.7999999999999998,1,1
67,medium_scarcity,medium_feasibility,7,0.45,optimal,5,5,0.72,5,0,0.9299999999999998,5,2,1.7999999999999998,1,1
68,medium_scarcity,medium_feasibility,7,0.45,optimal,5,5,0.76,5,0,1.1099999999999999,5,2,1.7999999999999998,2,1
69,medium_scarcity,medium_feasibility,7,0.45,optimal,5,5,1.19,5,1,1.16,5,2,1.7699999999999998,2,1
70,medium_scarcity,medium_feasibility,7,0.45,optimal,5,5,0.72,5,1,0.74,5,2,1.7699999999999998,1,0
71,medium_scarcity,medium_feasibility,7,0.45,optimal,5,5,0.7050000000000002,5,1,0.655,5,2,1.7999999999999998,0,0
72,medium_scarcity,medium_feasibility,7,0.45,optimal,5,5,1.26,5,1,1.4500000000000002,5,2,1.7999999999999998,2,2
73,medium_scarcity,medium_feasibility,7,0.45,optimal,5,5,0.75,5,0,0.7799999999999999,5,2,1.7999999999999998,2,0
74,medium_scarcity,medium_feasibility,7,0.45,optimal,5,5,0.55,5,0,0.6599999999999999,5,2,1.7999999999999998,0,1
75,medium_scarcity,medium_feasibility,7,0.45,optimal,5,5,0.95,5,0,1.64,5,2,1.7999999999999998,3,2
76,medium_scarcity,medium_feasibility,7,0.45,optimal,5,5,0.99,5,1,0.99,5,2,1.7999999999999998,2,0
77,medium_scarcity,medium_feasibility,7,0.45,optimal,5,5,0.5399999999999999,5,0,0.9299999999999999,5,2,1.7999999999999998,0,1
78,medium_scarcity,medium_feasibility,7,0.45,optimal,5,5,0.77,5,0,0.8599999999999999,5,2,1.7699999999999998,2,0
79,medium_scarcity,medium_feasibility,7,0.45,optimal,5,5,1.025,5,0,0.995,5,2,1.77,2,1
80,medium_scarcity,medium_feasibility,7,0.45,optimal,5,5,0.84,5,0,0.96,5,2,1.7999999999999998,1,1
81,medium_scarcity,medium_feasibility,7,0.45,optimal,5,5,0.8599999999999999,5,1,1.22,5,2,1.7999999999999998,2,3
82,medium_scarcity,medium_feasibility,7,0.45,optimal,5,5,0.43499999999999994,5,0,0.7149999999999999,5,2,1.7999999999999998,0,2
83,medium_scarcity,medium_feasibility,7,0.45,optimal,5,5,0.6800000000000002,5,1,1.1500000000000001,5,2,1.7999999999999998,2,2
84,medium_scarcity,medium_feasibility,7,0.45,optimal,5,5,0.8099999999999999,5,0,0.7599999999999999,5,2,1.77,0,1
85,medium_scarcity,medium_feasibility,7,0.45,optimal,5,5,0.91,5,0,1.2399999999999998,5,2,1.7999999999999998,2,2
86,medium_scarcity,medium_feasibility,7,0.45,optimal,5,5,0.6399999999999999,5,1,0.83,5,2,1.7999999999999998,0,2
87,medium_scarcity,medium_feasibility,7,0.45,optimal,5,5,0.725,5,0,1.085,5,2,1.7999999999999998,1,1
88,medium_scarcity,medium_feasibility,7,0.45,optimal,5,5,0.6100000000000001,5,0,0.7,5,2,1.7999999999999998,0,1
89,medium_scarcity,medium_feasibility,7,0.45,optimal,5,5,1.0999999999999999,5,0,1.04,5,2,1.7999999999999998,2,1
90,medium_scarcity,medium_feasibility,7,0.45,optimal,5,5,1.1300000000000001,5,0,1.22,5,2,1.7699999999999998,3,0
91,medium_scarcity,medium_feasibility,7,0.45,optimal,5,5,0.8600000000000001,5,2,0.8600000000000001,5,2,1.7999999999999998,2,1
92,medium_scarcity,medium_feasibility,7,0.45,optimal,5,5,0.7699999999999999,5,0,1.1600000000000001,5,2,1.7999999999999998,2,1
93,medium_scarcity,medium_feasibility,7,0.45,optimal,5,5,1.045,5,1,1.1349999999999998,5,2,1.7999999999999998,2,2
94,medium_scarcity,medium_feasibility,7,0.45,optimal,4,5,0.6299999999999999,4,1,0.6100000000000001,4,3,1.7999999999999998,0,0
95,medium_scarcity,medium_feasibility,7,0.45,optimal,5,5,0.6300000000000001,5,1,0.7799999999999999,5,2,1.7999999999999998,1,1
96,medium_scarcity,medium_feasibility,7,0.45,optimal,5,5,0.9650000000000001,5,0,1.1,5,2,1.7999999999999998,2,1
97,medium_scarcity,medium_feasibility,7,0.45,optimal,5,5,0.9299999999999999,5,0,1.16,5,2,1.7999999999999998,1,2
98,medium_scarcity,medium_feasibility,7,0.45,optimal,5,5,1.16,5,0,1.0799999999999998,5,2,1.7999999999999998,2,0
99,medium_scarcity,medium_feasibility,7,0.45,optimal,5,5,0.6299999999999999,5,0,0.9299999999999999,5,1,1.7999999999999998,0,1
0,medium_scarcity,high_feasibility,7,0.6,optimal,5,5,0.75,5,2,0.75,5,2,1.7999999999999998,0,2
1,medium_scarcity,high_feasibility,7,0.6,optimal,5,5,0.52,5,0,0.6200000000000001,5,2,1.7999999999999998,0,1
2,medium_scarcity,high_feasibility,7,0.6,optimal,5,5,1.02,5,1,1.34,5,2,1.7999999999999998,2,1
3,medium_scarcity,high_feasibility,7,0.6,optimal,5,5,0.96,5,1,1.32,5,2,1.7999999999999998,2,1
4,medium_scarcity,high_feasibility,7,0.6,optimal,5,5,0.8099999999999999,5,1,0.8399999999999999,5,2,1.7999999999999998,2,0
5,medium_scarcity,high_feasibility,7,0.6,optimal,5,5,1.1300000000000001,5,1,1.13,5,2,1.7999999999999998,2,1
6,medium_scarcity,high_feasibility,7,0.6,optimal,5,5,0.72,5,0,1.1900000000000002,5,2,1.7999999999999998,1,2
7,medium_scarcity,high_feasibility,7,0.6,optimal,5,5,0.5349999999999999,5,0,0.935,5,2,1.7999999999999998,0,2
8,medium_scarcity,high_feasibility,7,0.6,optimal,5,5,0.9400000000000001,5,1,0.9600000000000001,5,2,1.7999999999999998,1,0
9,medium_scarcity,high_feasibility,7,0.6,optimal,5,5,0.97,5,1,1.0,5,2,1.7999999999999998,2,0
10,medium_scarcity,high_feasibility,7,0.6,optimal,5,5,0.76,5,0,1.12,5,2,1.7999999999999998,1,1
11,medium_scarcity,high_feasibility,7,0.6,optimal,5,5,0.93,5,0,1.36,5,2,1.7999999999999998,3,2
12,medium_scarcity,high_feasibility,7,0.6,optimal,5,5,0.9849999999999999,5,1,1.365,5,2,1.7999999999999998,2,1
13,medium_scarcity,high_feasibility,7,0.6,optimal,5,5,0.495,5,1,0.7449999999999999,5,2,1.7999999999999998,0,2
14,medium_scarcity,high_feasibility,7,0.6,optimal,5,5,0.72,5,0,0.8500000000000001,5,2,1.7999999999999998,1,1
15,medium_scarcity,high_feasibility,7,0.6,optimal,5,5,0.52,5,0,0.81,5,2,1.7999999999999998,0,2
16,medium_scarcity,high_feasibility,7,0.6,optimal,5,5,1.0,5,1,1.0,5,2,1.7999999999999998,2,0
17,medium_scarcity,high_feasibility,7,0.6,optimal,5,5,0.9299999999999998,5,0,0.99,5,2,1.7999999999999998,1,1
18,medium_scarcity,high_feasibility,7,0.6,optimal,5,5,0.69,5,0,0.8700000000000001,5,2,1.7999999999999998,1,2
19,medium_scarcity,high_feasibility,7,0.6,optimal,5,5,0.9299999999999999,5,0,1.4000000000000001,5,2,1.7999999999999998,1,2
20,medium_scarcity,high_feasibility,7,0.6,optimal,5,5,0.665,5,2,0.705,5,2,1.7999999999999998,1,0
21,medium_scarcity,high_feasibility,7,0.6,optimal,5,5,0.6699999999999999,5,0,0.8300000000000001,5,2,1.7999999999999998,1,2
22,medium_scarcity,high_feasibility,7,0.6,optimal,5,5,0.6300000000000001,5,0,0.6499999999999999,5,2,1.7999999999999998,1,0
23,medium_scarcity,high_feasibility,7,0.6,optimal,5,5,0.7699999999999999,5,0,0.99,5,2,1.7999999999999998,1,2
24,medium_scarcity,high_feasibility,7,0.6,optimal,5,5,0.5800000000000001,5,1,0.7100000000000002,5,2,1.7999999999999998,0,2
25,medium_scarcity,high_feasibility,7,0.6,optimal,5,5,0.6699999999999999,5,0,0.8399999999999999,5,2,1.7999999999999998,1,1
26,medium_scarcity,high_feasibility,7,0.6,optimal,5,5,0.6100000000000001,5,0,0.77,5,2,1.7999999999999998,0,2
27,medium_scarcity,high_feasibility,7,0.6,optimal,5,5,0.73,5,0,0.7799999999999999,5,2,1.7999999999999998,1,0
28,medium_scarcity,high_feasibility,7,0.6,optimal,5,5,0.5800000000000001,5,0,0.79,5,2,1.7999999999999998,1,2
29,medium_scarcity,high_feasibility,7,0.6,optimal,5,5,1.04,5,1,1.02,5,2,1.7999999999999998,2,0
30,medium_scarcity,high_feasibility,7,0.6,optimal,5,5,0.5499999999999999,5,1,0.68,5,2,1.7999999999999998,0,1
31,medium_scarcity,high_feasibility,7,0.6,optimal,5,5,0.655,5,1,0.7949999999999999,5,2,1.7999999999999998,1,1
32,medium_scarcity,high_feasibility,7,0.6,optimal,5,5,0.505,5,2,0.615,5,2,1.7999999999999998,0,1
33,medium_scarcity,high_feasibility,7,0.6,optimal,5,5,1.0999999999999999,5,0,1.02,5,2,1.7999999999999998,1,1
34,medium_scarcity,high_feasibility,7,0.6,optimal,5,5,1.23,5,1,1.17,5,2,1.7999999999999998,2,0
35,medium_scarcity,high_feasibility,7,0.6,optimal,5,5,0.595,5,1,1.0250000000000001,5,2,1.7999999999999998,0,2
36,medium_scarcity,high_feasibility,7,0.6,optimal,5,5,0.75,5,1,0.7199999999999999,5,2,1.7999999999999998,1,0
37,medium_scarcity,high_feasibility,7,0.6,optimal,5,5,1.275,5,0,1.7699999999999998,5,2,1.7999999999999998,4,2
38,medium_scarcity,high_feasibility,7,0.6,optimal,5,5,1.04,5,2,1.04,5,2,1.7999999999999998,2,0
39,medium_scarcity,high_feasibility,7,0.6,optimal,5,5,0.64,5,1,1.04,5,2,1.7999999999999998,0,2
40,medium_scarcity,high_feasibility,7,0.6,optimal,5,5,0.6699999999999999,5,0,0.88,5,2,1.7999999999999998,1,2
41,medium_scarcity,high_feasibility,7,0.6,optimal,5,5,0.54,5,0,0.71,5,2,1.7999999999999998,0,2
42,medium_scarcity,high_feasibility,7,0.6,optimal,5,5,0.5800000000000001,5,0,0.98,5,2,1.7999999999999998,0,3
43,medium_scarcity,high_feasibility,7,0.6,optimal,5,5,1.0150000000000001,5,0,1.125,5,2,1.8,2,1
44,medium_scarcity,high_feasibility,7,0.6,optimal,5,5,0.78,5,1,0.49,5,2,1.7999999999999998,0,0
45,medium_scarcity,high_feasibility,7,0.6,optimal,5,5,0.6899999999999998,5,1,0.72,5,2,1.7999999999999998,1,0
46,medium_scarcity,high_feasibility,7,0.6,optimal,5,5,0.5249999999999999,5,0,0.975,5,2,1.7999999999999998,0,2
47,medium_scarcity,high_feasibility,7,0.6,optimal,5,5,1.0,5,0,1.0199999999999998,5,2,1.7999999999999998,2,0
48,medium_scarcity,high_feasibility,7,0.6,optimal,5,5,0.69,5,0,0.8899999999999999,5,2,1.7999999999999998,0,2
49,medium_scarcity,high_feasibility,7,0.6,optimal,5,5,0.8700000000000001,5,0,1.05,5,2,1.7999999999999998,1,2
50,medium_scarcity,high_feasibility,7,0.6,optimal,5,5,1.03,5,0,1.08,5,2,1.7999999999999998,2,0
51,medium_scarcity,high_feasibility,7,0.6,optimal,5,5,0.51,5,1,0.6499999999999999,5,2,1.7999999999999998,0,1
52,medium_scarcity,high_feasibility,7,0.6,optimal,5,5,1.03,5,1,1.24,5,2,1.7999999999999998,2,3
53,medium_scarcity,high_feasibility,7,0.6,optimal,5,5,1.15,5,1,1.33,5,2,1.7999999999999998,3,2
54,medium_scarcity,high_feasibility,7,0.6,optimal,5,5,0.8099999999999999,5,0,0.77,5,2,1.7699999999999998,2,0
55,medium_scarcity,high_feasibility,7,0.6,optimal,5,5,0.705,5,0,0.8350000000000001,5,2,1.7999999999999998,1,1
56,medium_scarcity,high_feasibility,7,0.6,optimal,5,5,0.73,5,0,1.0599999999999998,5,2,1.7999999999999998,1,1
57,medium_scarcity,high_feasibility,7,0.6,optimal,5,5,0.9399999999999998,5,0,0.9599999999999999,5,2,1.7999999999999998,1,0
58,medium_scarcity,high_feasibility,7,0.6,optimal,5,5,0.75,5,0,0.8600000000000001,5,2,1.7999999999999998,1,1
59,medium_scarcity,high_feasibility,7,0.6,optimal,5,5,0.7799999999999999,5,1,1.0999999999999999,5,2,1.7999999999999998,2,1
60,medium_scarcity,high_feasibility,7,0.6,optimal,5,5,0.595,5,0,0.675,5,2,1.7999999999999998,0,1
61,medium_scarcity,high_feasibility,7,0.6,optimal,5,5,0.6599999999999999,5,1,0.61,5,2,1.7999999999999998,0,1
62,medium_scarcity,high_feasibility,7,0.6,optimal,5,5,0.71,5,1,0.72,5,2,1.7999999999999998,1,1
63,medium_scarcity,high_feasibility,7,0.6,optimal,5,5,1.01,5,1,0.9699999999999999,5,2,1.7999999999999998,3,0
64,medium_scarcity,high_feasibility,7,0.6,optimal,5,5,0.7799999999999998,5,0,1.1,5,2,1.7999999999999998,1,3
65,medium_scarcity,high_feasibility,7,0.6,optimal,5,5,0.6799999999999999,5,0,0.74,5,2,1.7999999999999998,2,0
66,medium_scarcity,high_feasibility,7,0.6,optimal,5,5,1.0399999999999998,5,0,0.8300000000000001,5,2,1.7999999999999998,1,1
67,medium_scarcity,high_feasibility,7,0.6,optimal,5,5,0.6400000000000001,5,0,0.9299999999999999,5,2,1.7999999999999998,1,1
68,medium_scarcity,high_feasibility,7,0.6,optimal,5,5,0.72,5,1,1.11,5,2,1.7999999999999998,2,1
69,medium_scarcity,high_feasibility,7,0.6,optimal,5,5,1.16,5,0,1.1600000000000001,5,2,1.7999999999999998,2,1
70,medium_scarcity,high_feasibility,7,0.6,optimal,5,5,0.74,5,0,0.74,5,2,1.7999999999999998,2,0
71,medium_scarcity,high_feasibility,7,0.6,optimal,5,5,0.6549999999999999,5,1,0.655,5,2,1.7999999999999998,0,0
72,medium_scarcity,high_feasibility,7,0.6,optimal,5,5,1.21,5,1,1.45,5,2,1.7999999999999998,2,2
73,medium_scarcity,high_feasibility,7,0.6,optimal,5,5,0.76,5,0,0.7799999999999999,5,2,1.7999999999999998,2,0
74,medium_scarcity,high_feasibility,7,0.6,optimal,5,5,0.52,5,1,0.6599999999999999,5,2,1.7999999999999998,0,1
75,medium_scarcity,high_feasibility,7,0.6,optimal,5,5,0.9499999999999998,5,0,1.6399999999999997,5,2,1.7999999999999998,3,2
76,medium_scarcity,high_feasibility,7,0.6,optimal,5,5,1.03,5,1,0.99,5,2,1.7999999999999998,2,0
77,medium_scarcity,high_feasibility,7,0.6,optimal,5,5,0.75,5,0,0.93,5,2,1.7999999999999998,0,1
78,medium_scarcity,high_feasibility,7,0.6,optimal,5,5,0.8299999999999998,5,1,0.8599999999999999,5,2,1.7699999999999998,1,0
79,medium_scarcity,high_feasibility,7,0.6,optimal,5,5,0.9749999999999999,5,0,0.9950000000000001,5,2,1.7999999999999998,2,0
80,medium_scarcity,high_feasibility,7,0.6,optimal,5,5,0.8999999999999999,5,0,0.96,5,2,1.7999999999999998,1,1
81,medium_scarcity,high_feasibility,7,0.6,optimal,5,5,0.82,5,0,1.22,5,2,1.7999999999999998,2,3
82,medium_scarcity,high_feasibility,7,0.6,optimal,5,5,0.5249999999999999,5,1,0.715,5,2,1.7999999999999998,0,2
83,medium_scarcity,high_feasibility,7,0.6,optimal,5,5,0.74,5,1,1.15,5,2,1.7999999999999998,2,2
84,medium_scarcity,high_feasibility,7,0.6,optimal,5,5,0.61,5,0,0.7599999999999999,5,2,1.7999999999999998,0,1
85,medium_scarcity,high_feasibility,7,0.6,optimal,5,5,0.81,5,0,1.24,5,2,1.7999999999999998,2,2
86,medium_scarcity,high_feasibility,7,0.6,optimal,5,5,0.7499999999999999,5,0,0.83,5,2,1.7999999999999998,0,2
87,medium_scarcity,high_feasibility,7,0.6,optimal,5,5,0.7549999999999999,5,0,1.085,5,2,1.7999999999999998,1,1
88,medium_scarcity,high_feasibility,7,0.6,optimal,5,5,0.61,5,1,0.7,5,2,1.7999999999999998,0,1
89,medium_scarcity,high_feasibility,7,0.6,optimal,5,5,1.1300000000000001,5,1,1.1500000000000001,5,2,1.7999999999999998,2,1
90,medium_scarcity,high_feasibility,7,0.6,optimal,5,5,1.2,5,0,1.22,5,2,1.7999999999999998,3,1
91,medium_scarcity,high_feasibility,7,0.6,optimal,5,5,0.7200000000000001,5,0,0.86,5,2,1.7999999999999998,2,1
92,medium_scarcity,high_feasibility,7,0.6,optimal,5,5,0.8300000000000001,5,1,1.1600000000000001,5,2,1.7999999999999998,2,1
93,medium_scarcity,high_feasibility,7,0.6,optimal,5,5,0.975,5,0,1.135,5,2,1.7999999999999998,2,2
94,medium_scarcity,high_feasibility,7,0.6,optimal,5,5,0.61,5,1,0.61,5,2,1.7999999999999998,0,0
95,medium_scarcity,high_feasibility,7,0.6,optimal,5,5,0.72,5,0,0.7799999999999999,5,2,1.7999999999999998,1,1
96,medium_scarcity,high_feasibility,7,0.6,optimal,5,5,1.0199999999999998,5,1,1.1,5,2,1.7999999999999998,2,1
97,medium_scarcity,high_feasibility,7,0.6,optimal,5,5,1.03,5,2,1.16,5,2,1.7999999999999998,1,2
98,medium_scarcity,high_feasibility,7,0.6,optimal,5,5,1.17,5,0,1.08,5,2,1.7999999999999998,2,0
99,medium_scarcity,high_feasibility,7,0.6,optimal,5,5,0.57,5,1,0.9299999999999999,5,1,1.7999999999999998,0,1
0,low_scarcity,low_feasibility,10,0.3,optimal,5,5,1.0399999999999998,5,0,0.96,5,5,2.16,1,2
1,low_scarcity,low_feasibility,10,0.3,optimal,5,5,0.7349999999999999,5,0,0.9700000000000002,5,4,2.14,0,1
2,low_scarcity,low_feasibility,10,0.3,optimal,5,5,1.2500000000000002,5,2,1.6700000000000002,5,4,2.07,3,2
3,low_scarcity,low_feasibility,10,0.3,optimal,5,5,1.7899999999999998,5,2,1.5399999999999998,5,5,2.1599999999999997,2,1
4,low_scarcity,low_feasibility,10,0.3,optimal,5,5,1.07,5,0,1.0499999999999998,5,5,2.16,2,1
5,low_scarcity,low_feasibility,10,0.3,optimal,5,5,1.43,5,1,1.3699999999999999,5,5,2.1599999999999997,2,3
6,low_scarcity,low_feasibility,10,0.3,optimal,5,5,1.07,5,0,1.4,5,5,2.05,2,3
7,low_scarcity,low_feasibility,10,0.3,optimal,5,5,0.8350000000000001,5,1,1.145,5,5,2.1599999999999997,0,2
8,low_scarcity,low_feasibility,10,0.3,optimal,5,5,1.225,5,0,1.1700000000000002,5,5,2.16,2,2
9,low_scarcity,low_feasibility,10,0.3,optimal,5,5,1.1500000000000001,5,1,1.2400000000000002,5,5,2.1599999999999997,2,1
10,low_scarcity,low_feasibility,10,0.3,optimal,5,5,0.9700000000000001,5,2,1.44,5,4,2.13,3,2
11,low_scarcity,low_feasibility,10,0.3,optimal,5,5,1.5699999999999998,5,0,1.63,5,5,2.16,4,3
12,low_scarcity,low_feasibility,10,0.3,optimal,5,5,1.355,5,0,1.715,5,3,2.1599999999999997,2,2
13,low_scarcity,low_feasibility,10,0.3,optimal,5,5,1.025,5,1,0.925,5,5,2.1599999999999997,0,2
14,low_scarcity,low_feasibility,10,0.3,optimal,5,5,1.17,5,1,1.0599999999999998,5,5,2.13,2,1
15,low_scarcity,low_feasibility,10,0.3,optimal,5,5,0.8200000000000001,5,1,1.02,5,5,2.1599999999999997,1,2
16,low_scarcity,low_feasibility,10,0.3,optimal,5,5,1.3100000000000003,5,1,1.1800000000000002,5,5,2.1599999999999997,2,0
17,low_scarcity,low_feasibility,10,0.3,optimal,5,5,1.5799999999999998,5,0,1.1999999999999997,5,5,2.11,1,1
18,low_scarcity,low_feasibility,10,0.3,optimal,5,5,1.0800000000000003,5,2,1.08,5,5,2.14,1,2
19,low_scarcity,low_feasibility,10,0.3,optimal,5,5,1.2800000000000002,5,1,1.73,5,4,2.1399999999999997,2,2
20,low_scarcity,low_feasibility,10,0.3,optimal,5,5,0.8550000000000001,5,3,0.9149999999999999,5,5,2.13,2,1
21,low_scarcity,low_feasibility,10,0.3,optimal,5,5,1.05,5,2,1.43,5,4,2.16,1,2
22,low_scarcity,low_feasibility,10,0.3,optimal,5,5,1.22,5,1,0.8300000000000001,5,5,2.16,1,1
23,low_scarcity,low_feasibility,10,0.3,optimal,5,5,1.1199999999999999,5,1,1.2000000000000002,5,5,2.16,2,2
24,low_scarcity,low_feasibility,10,0.3,optimal,5,5,0.84,5,3,1.0100000000000002,5,5,2.1599999999999997,1,4
25,low_scarcity,low_feasibility,10,0.3,optimal,5,5,0.99,5,0,1.365,5,4,2.1599999999999997,1,2
26,low_scarcity,low_feasibility,10,0.3,optimal,5,5,1.065,5,1,1.01,5,5,2.1599999999999997,2,2
27,low_scarcity,low_feasibility,10,0.3,optimal,5,5,0.9399999999999998,5,0,0.9450000000000001,5,5,2.1599999999999997,2,1
28,low_scarcity,low_feasibility,10,0.3,optimal,5,5,0.8550000000000001,5,1,1.0299999999999998,5,5,2.16,1,2
29,low_scarcity,low_feasibility,10,0.3,optimal,5,5,1.4000000000000001,5,3,1.23,5,5,2.1599999999999997,2,0
30,low_scarcity,low_feasibility,10,0.3,optimal,5,5,1.2200000000000002,5,1,0.8599999999999999,5,5,2.16,0,1
31,low_scarcity,low_feasibility,10,0.3,optimal,5,5,1.1650000000000003,5,1,1.0050000000000003,5,5,2.1599999999999997,1,2
32,low_scarcity,low_feasibility,10,0.3,optimal,5,5,0.8450000000000002,5,0,1.2149999999999999,5,4,2.1599999999999997,0,1
33,low_scarcity,low_feasibility,10,0.3,optimal,5,5,1.2000000000000002,5,1,1.2300000000000002,5,5,2.16,1,2
34,low_scarcity,low_feasibility,10,0.3,optimal,5,5,1.3800000000000001,5,1,1.35,5,5,2.13,2,0
35,low_scarcity,low_feasibility,10,0.3,optimal,5,5,1.045,5,2,1.2650000000000001,5,5,2.13,1,2
36,low_scarcity,low_feasibility,10,0.3,optimal,5,5,0.935,5,1,0.8999999999999999,5,5,2.11,1,2
37,low_scarcity,low_feasibility,10,0.3,optimal,5,5,1.54,5,1,2.0399999999999996,5,5,2.16,5,3
38,low_scarcity,low_feasibility,10,0.3,optimal,5,5,1.3900000000000001,5,1,1.25,5,5,2.14,2,0
39,low_scarcity,low_feasibility,10,0.3,optimal,5,5,1.08,5,1,1.2599999999999998,5,5,2.16,1,2
40,low_scarcity,low_feasibility,10,0.3,optimal,5,5,1.44,5,2,1.3849999999999998,5,4,2.1599999999999997,2,4
41,low_scarcity,low_feasibility,10,0.3,optimal,5,5,0.78,5,1,0.92,5,5,2.14,0,2
42,low_scarcity,low_feasibility,10,0.3,optimal,5,5,1.26,5,1,1.3000000000000003,5,5,2.1599999999999997,0,3
43,low_scarcity,low_feasibility,10,0.3,optimal,5,5,1.2949999999999997,5,1,1.4449999999999998,5,4,2.1399999999999997,2,1
44,low_scarcity,low_feasibility,10,0.3,optimal,5,5,0.8600000000000003,5,0,0.6699999999999999,5,5,2.16,0,0
45,low_scarcity,low_feasibility,10,0.3,optimal,5,5,1.055,5,0,0.9299999999999999,5,5,2.13,1,1
46,low_scarcity,low_feasibility,10,0.3,optimal,5,5,0.915,5,1,1.2550000000000001,5,5,2.1399999999999997,0,3
47,low_scarcity,low_feasibility,10,0.3,optimal,5,5,1.185,5,1,1.215,5,5,2.16,3,0
48,low_scarcity,low_feasibility,10,0.3,optimal,5,5,1.12,5,0,1.07,5,5,2.16,2,2
49,low_scarcity,low_feasibility,10,0.3,optimal,5,5,1.175,5,1,1.3199999999999998,5,5,2.1599999999999997,1,2
50,low_scarcity,low_feasibility,10,0.3,optimal,5,5,1.2000000000000002,5,0,1.2900000000000003,5,5,2.16,2,2
51,low_scarcity,low_feasibility,10,0.3,optimal,5,5,0.69,5,1,0.9199999999999999,5,5,2.1599999999999997,0,2
52,low_scarcity,low_feasibility,10,0.3,optimal,5,5,1.3800000000000001,5,1,1.5399999999999998,5,5,2.13,2,4
53,low_scarcity,low_feasibility,10,0.3,optimal,5,5,1.59,5,0,1.6,5,4,2.13,3,4
54,low_scarcity,low_feasibility,10,0.3,optimal,5,5,1.5400000000000003,5,1,1.04,5,4,2.13,2,0
55,low_scarcity,low_feasibility,10,0.3,optimal,5,5,0.9849999999999999,5,0,1.015,5,5,2.1599999999999997,2,2
56,low_scarcity,low_feasibility,10,0.3,optimal,5,5,1.02,5,0,1.2400000000000002,5,5,2.06,2,2
57,low_scarcity,low_feasibility,10,0.3,optimal,5,5,1.24,5,1,1.28,5,4,2.1599999999999997,2,0
58,low_scarcity,low_feasibility,10,0.3,optimal,5,5,1.1199999999999999,5,0,1.025,5,5,2.16,3,1
59,low_scarcity,low_feasibility,10,0.3,optimal,5,5,1.2799999999999998,5,2,1.3199999999999998,5,5,2.14,2,3
60,low_scarcity,low_feasibility,10,0.3,optimal,5,5,1.025,5,2,0.915,5,5,2.16,0,1
61,low_scarcity,low_feasibility,10,0.3,optimal,5,5,0.9299999999999999,5,2,0.8200000000000001,5,5,2.1399999999999997,0,2
62,low_scarcity,low_feasibility,10,0.3,optimal,5,5,1.21,5,1,0.9300000000000002,5,5,2.05,1,0
63,low_scarcity,low_feasibility,10,0.3,optimal,5,5,1.7100000000000002,5,0,1.51,5,4,2.16,3,1
64,low_scarcity,low_feasibility,10,0.3,optimal,5,5,1.155,5,0,1.73,5,4,2.1599999999999997,1,3
65,low_scarcity,low_feasibility,10,0.3,optimal,5,5,1.4000000000000001,5,2,0.9200000000000002,5,5,2.1599999999999997,2,0
66,low_scarcity,low_feasibility,10,0.3,optimal,5,5,1.04,5,1,0.995,5,5,2.13,1,2
67,low_scarcity,low_feasibility,10,0.3,optimal,5,5,1.25,5,1,1.47,5,4,2.16,1,1
68,low_scarcity,low_feasibility,10,0.3,optimal,5,5,0.9449999999999998,5,1,1.275,5,5,2.1599999999999997,3,1
69,low_scarcity,low_feasibility,10,0.3,optimal,5,5,1.29,5,0,1.4,5,5,2.16,3,1
70,low_scarcity,low_feasibility,10,0.3,optimal,5,5,0.9299999999999999,5,1,1.42,5,3,2.16,2,1
71,low_scarcity,low_feasibility,10,0.3,optimal,5,5,0.7449999999999999,5,3,0.835,5,5,2.16,1,1
72,low_scarcity,low_feasibility,10,0.3,optimal,5,5,1.55,5,2,1.72,5,4,2.1300000000000003,2,3
73,low_scarcity,low_feasibility,10,0.3,optimal,5,5,0.9900000000000002,5,2,1.3199999999999998,5,4,2.1599999999999997,2,1
74,low_scarcity,low_feasibility,10,0.3,optimal,5,5,0.8900000000000001,5,0,0.8699999999999999,5,5,2.1599999999999997,0,1
75,low_scarcity,low_feasibility,10,0.3,optimal,5,5,1.2,5,0,1.8800000000000003,5,5,2.16,5,3
76,low_scarcity,low_feasibility,10,0.3,optimal,5,5,1.1700000000000002,5,2,1.3050000000000002,5,4,2.14,2,0
77,low_scarcity,low_feasibility,10,0.3,optimal,5,5,1.2299999999999998,5,1,1.11,5,5,2.16,1,1
78,low_scarcity,low_feasibility,10,0.3,optimal,5,5,1.0100000000000002,5,1,1.4,5,4,2.1,2,1
79,low_scarcity,low_feasibility,10,0.3,optimal,5,5,1.175,5,0,1.475,5,4,2.1399999999999997,2,1
80,low_scarcity,low_feasibility,10,0.3,optimal,5,5,1.2100000000000002,5,1,1.1400000000000001,5,5,2.16,1,1
81,low_scarcity,low_feasibility,10,0.3,optimal,5,5,1.32,5,1,2.04,5,3,2.16,2,4
82,low_scarcity,low_feasibility,10,0.3,optimal,5,5,0.785,5,2,0.955,5,4,2.13,0,2
83,low_scarcity,low_feasibility,10,0.3,optimal,5,5,1.01,5,0,1.3600000000000003,5,5,2.1399999999999997,2,2
84,low_scarcity,low_feasibility,10,0.3,optimal,5,5,0.7899999999999999,5,1,1.3600000000000003,5,4,2.14,1,1
85,low_scarcity,low_feasibility,10,0.3,optimal,5,5,0.9600000000000001,5,0,1.7799999999999998,5,4,2.06,3,2
86,low_scarcity,low_feasibility,10,0.3,optimal,5,5,1.0799999999999998,5,1,1.0399999999999998,5,5,2.13,0,2
87,low_scarcity,low_feasibility,10,0.3,optimal,5,5,0.9049999999999998,5,1,1.2650000000000001,5,4,2.16,2,2
88,low_scarcity,low_feasibility,10,0.3,optimal,5,5,0.9600000000000002,5,2,0.94,5,5,2.11,1,1
89,low_scarcity,low_feasibility,10,0.3,optimal,5,5,1.26,5,1,1.5000000000000002,5,4,2.1,2,1
90,low_scarcity,low_feasibility,10,0.3,optimal,5,5,1.7000000000000002,5,2,1.4300000000000002,5,5,2.1599999999999997,3,1
91,low_scarcity,low_feasibility,10,0.3,optimal,5,5,1.03,5,0,1.055,5,5,2.13,2,2
92,low_scarcity,low_feasibility,10,0.3,optimal,5,5,1.3200000000000005,5,0,1.37,5,5,2.16,2,2
93,low_scarcity,low_feasibility,10,0.3,optimal,5,5,1.315,5,2,1.345,5,5,2.13,2,2
94,low_scarcity,low_feasibility,10,0.3,optimal,4,5,1.3699999999999999,4,0,1.3,4,4,2.1599999999999997,1,0
95,low_scarcity,low_feasibility,10,0.3,optimal,5,5,1.04,5,1,1.32,5,4,2.1599999999999997,1,2
96,low_scarcity,low_feasibility,10,0.3,optimal,5,5,1.3200000000000003,5,1,1.3099999999999998,5,5,2.1599999999999997,2,2
97,low_scarcity,low_feasibility,10,0.3,optimal,5,5,1.35,5,1,1.7999999999999998,5,4,2.1599999999999997,3,3
98,low_scarcity,low_feasibility,10,0.3,optimal,5,5,1.37,5,1,1.26,5,5,2.13,3,1
99,low_scarcity,low_feasibility,10,0.3,optimal,5,5,0.78,5,1,1.17,5,4,2.16,1,2
0,low_scarcity,medium_feasibility,10,0.45,optimal,5,5,0.8999999999999999,5,0,0.96,5,5,2.1599999999999997,1,2
1,low_scarcity,medium_feasibility,10,0.45,optimal,5,5,0.9000000000000001,5,0,0.8299999999999998,5,5,2.1599999999999997,0,1
2,low_scarcity,medium_feasibility,10,0.45,optimal,5,5,1.26,5,2,1.5199999999999998,5,5,2.16,2,1
3,low_scarcity,medium_feasibility,10,0.45,optimal,5,5,1.7000000000000002,5,3,1.54,5,5,2.16,2,1
4,low_scarcity,medium_feasibility,10,0.45,optimal,5,5,1.0499999999999998,5,3,1.05,5,5,2.1599999999999997,2,1
5,low_scarcity,medium_feasibility,10,0.45,optimal,5,5,1.21,5,2,1.37,5,5,2.1599999999999997,2,3
6,low_scarcity,medium_feasibility,10,0.45,optimal,5,5,0.9299999999999999,5,1,1.4,5,5,2.16,2,2
7,low_scarcity,medium_feasibility,10,0.45,optimal,5,5,0.995,5,1,1.145,5,5,2.16,0,2
8,low_scarcity,medium_feasibility,10,0.45,optimal,5,5,1.24,5,0,1.17,5,5,2.1599999999999997,2,2
9,low_scarcity,medium_feasibility,10,0.45,optimal,5,5,1.21,5,1,1.2400000000000002,5,5,2.16,2,1
10,low_scarcity,medium_feasibility,10,0.45,optimal,5,5,1.22,5,0,1.3300000000000003,5,5,2.16,3,1
11,low_scarcity,medium_feasibility,10,0.45,optimal,5,5,1.17,5,1,1.6300000000000001,5,5,2.16,4,3
12,low_scarcity,medium_feasibility,10,0.45,optimal,5,5,1.355,5,0,1.615,5,5,2.1599999999999997,2,2
13,low_scarcity,medium_feasibility,10,0.45,optimal,5,5,0.9150000000000001,5,0,0.925,5,5,2.16,0,2
14,low_scarcity,medium_feasibility,10,0.45,optimal,5,5,1.04,5,0,1.06,5,5,2.16,1,2
15,low_scarcity,medium_feasibility,10,0.45,optimal,5,5,1.01,5,1,1.02,5,5,2.1599999999999997,1,2
16,low_scarcity,medium_feasibility,10,0.45,optimal,5,5,1.27,5,1,1.1800000000000002,5,5,2.1599999999999997,2,0
17,low_scarcity,medium_feasibility,10,0.45,optimal,5,5,1.29,5,0,1.2,5,5,2.16,1,2
18,low_scarcity,medium_feasibility,10,0.45,optimal,5,5,1.1100000000000003,5,2,1.0800000000000003,5,5,2.16,1,2
19,low_scarcity,medium_feasibility,10,0.45,optimal,5,5,1.29,5,1,1.6400000000000003,5,5,2.1599999999999997,3,2
20,low_scarcity,medium_feasibility,10,0.45,optimal,5,5,1.065,5,3,0.9149999999999998,5,5,2.1599999999999997,1,1
21,low_scarcity,medium_feasibility,10,0.45,optimal,5,5,1.1600000000000001,5,1,1.07,5,5,2.16,1,2
22,low_scarcity,medium_feasibility,10,0.45,optimal,5,5,1.01,5,1,0.8300000000000001,5,5,2.16,1,1
23,low_scarcity,medium_feasibility,10,0.45,optimal,5,5,1.1300000000000001,5,1,1.2,5,5,2.1599999999999997,2,2
24,low_scarcity,medium_feasibility,10,0.45,optimal,5,5,1.0699999999999998,5,2,1.0099999999999998,5,5,2.1599999999999997,1,4
25,low_scarcity,medium_feasibility,10,0.45,optimal,5,5,1.0499999999999998,5,1,1.035,5,5,2.1599999999999997,1,2
26,low_scarcity,medium_feasibility,10,0.45,optimal,5,5,0.99,5,1,1.01,5,5,2.16,2,2
27,low_scarcity,medium_feasibility,10,0.45,optimal,5,5,0.9,5,0,0.9449999999999998,5,5,2.16,2,1
28,low_scarcity,medium_feasibility,10,0.45,optimal,5,5,0.82,5,1,1.0299999999999998,5,5,2.1599999999999997,1,2
29,low_scarcity,medium_feasibility,10,0.45,optimal,5,5,1.4000000000000001,5,3,1.23,5,5,2.16,2,0
30,low_scarcity,medium_feasibility,10,0.45,optimal,5,5,0.9300000000000002,5,2,0.8600000000000001,5,5,2.1599999999999997,0,1
31,low_scarcity,medium_feasibility,10,0.45,optimal,5,5,1.005,5,2,1.005,5,5,2.1599999999999997,1,2
32,low_scarcity,medium_feasibility,10,0.45,optimal,5,5,0.885,5,3,0.855,5,5,2.16,0,1
33,low_scarcity,medium_feasibility,10,0.45,optimal,5,5,1.19,5,0,1.2300000000000002,5,5,2.1599999999999997,1,2
34,low_scarcity,medium_feasibility,10,0.45,optimal,5,5,1.4500000000000002,5,2,1.35,5,5,2.1599999999999997,2,0
35,low_scarcity,medium_feasibility,10,0.45,optimal,5,5,0.835,5,1,1.2650000000000001,5,5,2.1299999999999994,1,2
36,low_scarcity,medium_feasibility,10,0.45,optimal,5,5,1.0699999999999998,5,1,0.8999999999999999,5,5,2.1599999999999997,1,0
37,low_scarcity,medium_feasibility,10,0.45,optimal,5,5,1.5100000000000005,5,0,2.0399999999999996,5,5,2.1599999999999997,5,3
38,low_scarcity,medium_feasibility,10,0.45,optimal,5,5,1.36,5,0,1.2500000000000002,5,5,2.1599999999999997,3,0
39,low_scarcity,medium_feasibility,10,0.45,optimal,5,5,0.8799999999999999,5,1,1.2600000000000002,5,5,2.16,1,2
40,low_scarcity,medium_feasibility,10,0.45,optimal,5,5,0.99,5,0,1.165,5,5,2.16,2,4
41,low_scarcity,medium_feasibility,10,0.45,optimal,5,5,1.03,5,2,0.9200000000000002,5,5,2.16,0,2
42,low_scarcity,medium_feasibility,10,0.45,optimal,5,5,0.9,5,1,1.3000000000000003,5,5,2.16,0,3
43,low_scarcity,medium_feasibility,10,0.45,optimal,5,5,1.1949999999999998,5,1,1.305,5,5,2.16,3,1
44,low_scarcity,medium_feasibility,10,0.45,optimal,5,5,0.81,5,2,0.6699999999999999,5,5,2.1599999999999997,0,0
45,low_scarcity,medium_feasibility,10,0.45,optimal,5,5,1.07,5,2,0.9299999999999999,5,5,2.16,1,1
46,low_scarcity,medium_feasibility,10,0.45,optimal,5,5,0.9950000000000001,5,2,1.255,5,5,2.16,1,2
47,low_scarcity,medium_feasibility,10,0.45,optimal,5,5,1.3250000000000002,5,1,1.2149999999999999,5,5,2.16,3,0
48,low_scarcity,medium_feasibility,10,0.45,optimal,5,5,0.98,5,3,1.07,5,5,2.16,2,2
49,low_scarcity,medium_feasibility,10,0.45,optimal,5,5,1.2300000000000002,5,0,1.32,5,5,2.1599999999999997,1,2
50,low_scarcity,medium_feasibility,10,0.45,optimal,5,5,1.4100000000000001,5,1,1.2900000000000003,5,5,2.16,2,2
51,low_scarcity,medium_feasibility,10,0.45,optimal,5,5,1.0,5,0,0.9199999999999999,5,5,2.1599999999999997,0,2
52,low_scarcity,medium_feasibility,10,0.45,optimal,5,5,1.4100000000000001,5,2,1.54,5,5,2.16,2,3
53,low_scarcity,medium_feasibility,10,0.45,optimal,5,5,1.57,5,3,1.6300000000000001,5,5,2.16,3,4
54,low_scarcity,medium_feasibility,10,0.45,optimal,5,5,1.05,5,0,0.95,5,5,2.1599999999999997,2,0
55,low_scarcity,medium_feasibility,10,0.45,optimal,5,5,1.025,5,0,1.0150000000000001,5,5,2.1599999999999997,2,2
56,low_scarcity,medium_feasibility,10,0.45,optimal,5,5,0.99,5,2,1.2400000000000002,5,5,2.1599999999999997,1,2
57,low_scarcity,medium_feasibility,10,0.45,optimal,5,5,1.26,5,0,1.1400000000000001,5,5,2.1599999999999997,2,0
58,low_scarcity,medium_feasibility,10,0.45,optimal,5,5,1.07,5,0,1.0250000000000001,5,5,2.16,3,1
59,low_scarcity,medium_feasibility,10,0.45,optimal,5,5,1.0250000000000001,5,1,1.32,5,5,2.1599999999999997,2,2
60,low_scarcity,medium_feasibility,10,0.45,optimal,5,5,0.8649999999999999,5,1,0.9149999999999998,5,5,2.1599999999999997,0,1
61,low_scarcity,medium_feasibility,10,0.45,optimal,5,5,0.885,5,1,0.8200000000000001,5,5,2.16,0,1
62,low_scarcity,medium_feasibility,10,0.45,optimal,5,5,0.95,5,0,0.93,5,5,2.1599999999999997,1,1
63,low_scarcity,medium_feasibility,10,0.45,optimal,5,5,1.32,5,1,1.1500000000000001,5,5,2.1599999999999997,3,1
64,low_scarcity,medium_feasibility,10,0.45,optimal,5,5,1.02,5,0,1.37,5,5,2.1599999999999997,1,3
65,low_scarcity,medium_feasibility,10,0.45,optimal,5,5,0.9600000000000001,5,0,0.92,5,5,2.16,2,0
66,low_scarcity,medium_feasibility,10,0.45,optimal,5,5,1.1,5,0,0.995,5,5,2.1599999999999997,2,1
67,low_scarcity,medium_feasibility,10,0.45,optimal,5,5,1.13,5,0,1.11,5,5,2.1599999999999997,1,1
68,low_scarcity,medium_feasibility,10,0.45,optimal,5,5,0.99,5,0,1.2750000000000001,5,5,2.1599999999999997,3,1
69,low_scarcity,medium_feasibility,10,0.45,optimal,5,5,1.37,5,0,1.4,5,5,2.16,3,1
70,low_scarcity,medium_feasibility,10,0.45,optimal,5,5,1.6700000000000002,5,0,0.92,5,5,2.16,2,1
71,low_scarcity,medium_feasibility,10,0.45,optimal,5,5,0.9750000000000001,5,2,0.835,5,5,2.1599999999999997,1,1
72,low_scarcity,medium_feasibility,10,0.45,optimal,5,5,1.7299999999999998,5,1,1.6900000000000002,5,5,2.1599999999999997,2,3
73,low_scarcity,medium_feasibility,10,0.45,optimal,5,5,1.14,5,1,0.99,5,5,2.1599999999999997,2,1
74,low_scarcity,medium_feasibility,10,0.45,optimal,5,5,0.81,5,3,0.8699999999999999,5,5,2.16,0,1
75,low_scarcity,medium_feasibility,10,0.45,optimal,5,5,1.31,5,1,1.88,5,5,2.1599999999999997,5,3
76,low_scarcity,medium_feasibility,10,0.45,optimal,5,5,1.27,5,1,1.1549999999999998,5,5,2.1599999999999997,3,0
77,low_scarcity,medium_feasibility,10,0.45,optimal,5,5,0.8099999999999999,5,0,1.1099999999999999,5,5,2.1599999999999997,1,1
78,low_scarcity,medium_feasibility,10,0.45,optimal,5,5,0.99,5,2,1.04,5,5,2.1599999999999997,3,1
79,low_scarcity,medium_feasibility,10,0.45,optimal,5,5,1.355,5,0,1.175,5,5,2.16,2,1
80,low_scarcity,medium_feasibility,10,0.45,optimal,5,5,1.4,5,0,1.14,5,5,2.16,1,1
81,low_scarcity,medium_feasibility,10,0.45,optimal,5,5,1.14,5,1,1.5999999999999999,5,5,2.1599999999999997,2,4
82,low_scarcity,medium_feasibility,10,0.45,optimal,5,5,0.805,5,1,0.9250000000000002,5,5,2.16,0,2
83,low_scarcity,medium_feasibility,10,0.45,optimal,5,5,1.1,5,2,1.36,5,5,2.16,2,2
84,low_scarcity,medium_feasibility,10,0.45,optimal,5,5,0.93,5,0,0.9999999999999999,5,5,2.16,1,1
85,low_scarcity,medium_feasibility,10,0.45,optimal,5,5,1.15,5,0,1.42,5,5,2.16,3,2
86,low_scarcity,medium_feasibility,10,0.45,optimal,5,5,1.07,5,1,1.04,5,5,2.16,0,2
87,low_scarcity,medium_feasibility,10,0.45,optimal,5,5,0.9750000000000001,5,1,1.265,5,5,2.16,2,2
88,low_scarcity,medium_feasibility,10,0.45,optimal,5,5,0.8049999999999999,5,1,0.94,5,5,2.16,1,2
89,low_scarcity,medium_feasibility,10,0.45,optimal,5,5,1.3400000000000003,5,1,1.3450000000000002,5,5,2.16,2,2
90,low_scarcity,medium_feasibility,10,0.45,optimal,5,5,1.4100000000000001,5,0,1.4300000000000002,5,5,2.16,3,1
91,low_scarcity,medium_feasibility,10,0.45,optimal,5,5,1.02,5,0,1.055,5,5,2.16,2,2
92,low_scarcity,medium_feasibility,10,0.45,optimal,5,5,1.0499999999999998,5,1,1.37,5,5,2.16,2,2
93,low_scarcity,medium_feasibility,10,0.45,optimal,5,5,1.215,5,1,1.3450000000000002,5,5,2.16,2,2
94,low_scarcity,medium_feasibility,10,0.45,optimal,5,5,0.8500000000000001,5,1,1.1500000000000001,5,4,2.1599999999999997,1,0
95,low_scarcity,medium_feasibility,10,0.45,optimal,5,5,1.01,5,1,0.9600000000000001,5,5,2.1599999999999997,1,2
96,low_scarcity,medium_feasibility,10,0.45,optimal,5,5,1.37,5,0,1.3099999999999998,5,5,2.16,2,2
97,low_scarcity,medium_feasibility,10,0.45,optimal,5,5,1.4900000000000002,5,2,1.4699999999999998,5,5,2.1599999999999997,3,3
98,low_scarcity,medium_feasibility,10,0.45,optimal,5,5,1.41,5,0,1.2599999999999998,5,5,2.1599999999999997,3,1
99,low_scarcity,medium_feasibility,10,0.45,optimal,5,5,0.7899999999999999,5,2,1.1700000000000002,5,4,2.16,1,2
0,low_scarcity,high_feasibility,10,0.6,optimal,5,5,0.9000000000000001,5,0,0.96,5,5,2.16,1,2
1,low_scarcity,high_feasibility,10,0.6,optimal,5,5,0.9,5,0,0.8300000000000001,5,5,2.1599999999999997,0,1
2,low_scarcity,high_feasibility,10,0.6,optimal,5,5,1.4000000000000001,5,1,1.52,5,5,2.1599999999999997,2,1
3,low_scarcity,high_feasibility,10,0.6,optimal,5,5,1.3800000000000001,5,1,1.54,5,5,2.16,2,1
4,low_scarcity,high_feasibility,10,0.6,optimal,5,5,1.02,5,3,1.05,5,5,2.16,2,1
5,low_scarcity,high_feasibility,10,0.6,optimal,5,5,1.35,5,3,1.3699999999999999,5,5,2.16,2,3
6,low_scarcity,high_feasibility,10,0.6,optimal,5,5,1.04,5,1,1.4000000000000001,5,5,2.16,2,2
7,low_scarcity,high_feasibility,10,0.6,optimal,5,5,0.8849999999999999,5,1,1.145,5,5,2.16,0,2
8,low_scarcity,high_feasibility,10,0.6,optimal,5,5,1.29,5,2,1.17,5,5,2.16,2,2
9,low_scarcity,high_feasibility,10,0.6,optimal,5,5,1.21,5,1,1.24,5,5,2.16,2,1
10,low_scarcity,high_feasibility,10,0.6,optimal,5,5,1.22,5,0,1.33,5,5,2.16,3,1
11,low_scarcity,high_feasibility,10,0.6,optimal,5,5,1.17,5,1,1.63,5,5,2.16,4,3
12,low_scarcity,high_feasibility,10,0.6,optimal,5,5,1.3950000000000002,5,1,1.6150000000000002,5,5,2.16,2,2
13,low_scarcity,high_feasibility,10,0.6,optimal,5,5,0.9150000000000001,5,1,0.9249999999999998,5,5,2.1599999999999997,0,2
14,low_scarcity,high_feasibility,10,0.6,optimal,5,5,1.04,5,0,1.06,5,5,2.16,1,2
15,low_scarcity,high_feasibility,10,0.6,optimal,5,5,1.01,5,3,1.02,5,5,2.1599999999999997,1,2
16,low_scarcity,high_feasibility,10,0.6,optimal,5,5,1.27,5,1,1.18,5,5,2.16,2,0
17,low_scarcity,high_feasibility,10,0.6,optimal,5,5,1.15,5,0,1.1999999999999997,5,5,2.1599999999999997,1,2
18,low_scarcity,high_feasibility,10,0.6,optimal,5,5,0.9000000000000001,5,1,1.08,5,5,2.1599999999999997,1,2
19,low_scarcity,high_feasibility,10,0.6,optimal,5,5,1.29,5,0,1.6400000000000003,5,5,2.1599999999999997,3,2
20,low_scarcity,high_feasibility,10,0.6,optimal,5,5,0.915,5,4,0.9149999999999999,5,5,2.1599999999999997,1,1
21,low_scarcity,high_feasibility,10,0.6,optimal,5,5,1.0499999999999998,5,0,1.07,5,5,2.16,1,2
22,low_scarcity,high_feasibility,10,0.6,optimal,5,5,0.8700000000000001,5,1,0.8300000000000001,5,5,2.16,1,1
23,low_scarcity,high_feasibility,10,0.6,optimal,5,5,1.05,5,0,1.2,5,5,2.1599999999999997,2,2
24,low_scarcity,high_feasibility,10,0.6,optimal,5,5,0.9300000000000002,5,2,1.01,5,5,2.16,1,4
25,low_scarcity,high_feasibility,10,0.6,optimal,5,5,1.05,5,1,1.0350000000000001,5,5,2.1599999999999997,1,2
26,low_scarcity,high_feasibility,10,0.6,optimal,5,5,0.8500000000000001,5,1,1.01,5,5,2.16,2,2
27,low_scarcity,high_feasibility,10,0.6,optimal,5,5,1.1400000000000001,5,1,0.9449999999999998,5,5,2.16,2,1
28,low_scarcity,high_feasibility,10,0.6,optimal,5,5,0.8200000000000002,5,1,1.03,5,5,2.1599999999999997,1,2
29,low_scarcity,high_feasibility,10,0.6,optimal,5,5,1.4000000000000001,5,3,1.2300000000000002,5,5,2.16,2,0
30,low_scarcity,high_feasibility,10,0.6,optimal,5,5,1.0699999999999998,5,2,0.8600000000000001,5,5,2.16,0,1
31,low_scarcity,high_feasibility,10,0.6,optimal,5,5,1.0050000000000001,5,3,1.005,5,5,2.1599999999999997,1,2
32,low_scarcity,high_feasibility,10,0.6,optimal,5,5,0.8850000000000001,5,3,0.855,5,5,2.16,0,1
33,low_scarcity,high_feasibility,10,0.6,optimal,5,5,1.0499999999999998,5,0,1.2300000000000002,5,5,2.16,1,2
34,low_scarcity,high_feasibility,10,0.6,optimal,5,5,1.7300000000000002,5,1,1.35,5,5,2.16,2,0
35,low_scarcity,high_feasibility,10,0.6,optimal,5,5,0.8349999999999999,5,1,1.2650000000000001,5,5,2.1599999999999997,1,2
36,low_scarcity,high_feasibility,10,0.6,optimal,5,5,0.9299999999999999,5,2,0.8999999999999999,5,5,2.16,1,0
37,low_scarcity,high_feasibility,10,0.6,optimal,5,5,1.51,5,0,2.0399999999999996,5,5,2.1599999999999997,5,3
38,low_scarcity,high_feasibility,10,0.6,optimal,5,5,1.2900000000000003,5,1,1.25,5,5,2.16,3,0
39,low_scarcity,high_feasibility,10,0.6,optimal,5,5,0.96,5,1,1.26,5,5,2.1599999999999997,1,2
40,low_scarcity,high_feasibility,10,0.6,optimal,5,5,0.9900000000000002,5,1,1.1649999999999998,5,5,2.1599999999999997,2,4
41,low_scarcity,high_feasibility,10,0.6,optimal,5,5,0.9299999999999999,5,0,0.9200000000000002,5,5,2.16,0,2
42,low_scarcity,high_feasibility,10,0.6,optimal,5,5,1.04,5,2,1.3000000000000003,5,5,2.1599999999999997,0,3
43,low_scarcity,high_feasibility,10,0.6,optimal,5,5,1.335,5,1,1.3049999999999997,5,5,2.1599999999999997,3,1
44,low_scarcity,high_feasibility,10,0.6,optimal,5,5,0.7300000000000002,5,3,0.6699999999999999,5,5,2.16,0,0
45,low_scarcity,high_feasibility,10,0.6,optimal,5,5,1.0699999999999998,5,2,0.9299999999999999,5,5,2.16,1,1
46,low_scarcity,high_feasibility,10,0.6,optimal,5,5,0.9950000000000001,5,2,1.255,5,5,2.1599999999999997,1,2
47,low_scarcity,high_feasibility,10,0.6,optimal,5,5,1.41,5,1,1.215,5,5,2.1599999999999997,3,0
48,low_scarcity,high_feasibility,10,0.6,optimal,5,5,0.9099999999999999,5,2,1.07,5,5,2.1599999999999997,2,2
49,low_scarcity,high_feasibility,10,0.6,optimal,5,5,1.26,5,1,1.32,5,5,2.16,1,2
50,low_scarcity,high_feasibility,10,0.6,optimal,5,5,1.4100000000000001,5,2,1.29,5,5,2.16,2,2
51,low_scarcity,high_feasibility,10,0.6,optimal,5,5,0.7600000000000002,5,0,0.9199999999999999,5,5,2.16,0,2
52,low_scarcity,high_feasibility,10,0.6,optimal,5,5,1.4100000000000001,5,2,1.5399999999999998,5,5,2.16,2,3
53,low_scarcity,high_feasibility,10,0.6,optimal,5,5,1.4700000000000002,5,2,1.63,5,5,2.1599999999999997,3,4
54,low_scarcity,high_feasibility,10,0.6,optimal,5,5,1.0499999999999998,5,0,0.95,5,5,2.1599999999999997,2,0
55,low_scarcity,high_feasibility,10,0.6,optimal,5,5,0.885,5,0,1.0150000000000001,5,5,2.1599999999999997,2,2
56,low_scarcity,high_feasibility,10,0.6,optimal,5,5,1.05,5,2,1.2400000000000002,5,5,2.1599999999999997,1,2
57,low_scarcity,high_feasibility,10,0.6,optimal,5,5,1.4000000000000001,5,0,1.14,5,5,2.16,2,0
58,low_scarcity,high_feasibility,10,0.6,optimal,5,5,1.07,5,0,1.025,5,5,2.16,3,1
59,low_scarcity,high_feasibility,10,0.6,optimal,5,5,1.1,5,1,1.32,5,5,2.16,2,2
60,low_scarcity,high_feasibility,10,0.6,optimal,5,5,0.915,5,0,0.9149999999999998,5,5,2.16,0,1
61,low_scarcity,high_feasibility,10,0.6,optimal,5,5,0.9299999999999999,5,1,0.8199999999999998,5,5,2.1599999999999997,0,1
62,low_scarcity,high_feasibility,10,0.6,optimal,5,5,0.9900000000000002,5,1,0.9300000000000002,5,5,2.1599999999999997,1,1
63,low_scarcity,high_feasibility,10,0.6,optimal,5,5,1.22,5,2,1.1500000000000001,5,5,2.1599999999999997,3,1
64,low_scarcity,high_feasibility,10,0.6,optimal,5,5,1.02,5,0,1.37,5,5,2.16,1,3
65,low_scarcity,high_feasibility,10,0.6,optimal,5,5,1.1300000000000001,5,0,0.9199999999999999,5,5,2.1599999999999997,2,0
66,low_scarcity,high_feasibility,10,0.6,optimal,5,5,1.1,5,1,0.9949999999999999,5,5,2.16,2,1
67,low_scarcity,high_feasibility,10,0.6,optimal,5,5,0.99,5,0,1.1099999999999999,5,5,2.1599999999999997,1,1
68,low_scarcity,high_feasibility,10,0.6,optimal,5,5,1.11,5,0,1.275,5,5,2.1599999999999997,3,1
69,low_scarcity,high_feasibility,10,0.6,optimal,5,5,1.3699999999999999,5,0,1.4000000000000001,5,5,2.1599999999999997,3,1
70,low_scarcity,high_feasibility,10,0.6,optimal,5,5,1.0999999999999999,5,2,0.92,5,5,2.16,2,1
71,low_scarcity,high_feasibility,10,0.6,optimal,5,5,0.975,5,2,0.835,5,5,2.1599999999999997,1,1
72,low_scarcity,high_feasibility,10,0.6,optimal,5,5,1.6199999999999999,5,0,1.69,5,5,2.16,2,3
73,low_scarcity,high_feasibility,10,0.6,optimal,5,5,1.08,5,0,0.99,5,5,2.1599999999999997,2,1
74,low_scarcity,high_feasibility,10,0.6,optimal,5,5,0.93,5,1,0.87,5,5,2.1599999999999997,0,1
75,low_scarcity,high_feasibility,10,0.6,optimal,5,5,1.17,5,1,1.8799999999999997,5,5,2.16,5,3
76,low_scarcity,high_feasibility,10,0.6,optimal,5,5,1.4100000000000001,5,1,1.155,5,5,2.1599999999999997,3,0
77,low_scarcity,high_feasibility,10,0.6,optimal,5,5,1.07,5,0,1.1099999999999999,5,5,2.16,1,1
78,low_scarcity,high_feasibility,10,0.6,optimal,5,5,1.19,5,1,1.04,5,5,2.1599999999999997,3,1
79,low_scarcity,high_feasibility,10,0.6,optimal,5,5,1.2150000000000003,5,1,1.175,5,5,2.1599999999999997,2,1
80,low_scarcity,high_feasibility,10,0.6,optimal,5,5,1.2600000000000002,5,0,1.14,5,5,2.1599999999999997,1,1
81,low_scarcity,high_feasibility,10,0.6,optimal,5,5,1.14,5,1,1.6,5,5,2.1599999999999997,2,4
82,low_scarcity,high_feasibility,10,0.6,optimal,5,5,0.745,5,1,0.925,5,5,2.1599999999999997,0,2
83,low_scarcity,high_feasibility,10,0.6,optimal,5,5,0.96,5,1,1.36,5,5,2.16,2,2
84,low_scarcity,high_feasibility,10,0.6,optimal,5,5,1.07,5,0,0.9999999999999999,5,5,2.16,1,1
85,low_scarcity,high_feasibility,10,0.6,optimal,5,5,1.05,5,0,1.4200000000000002,5,5,2.16,3,2
86,low_scarcity,high_feasibility,10,0.6,optimal,5,5,1.07,5,1,1.04,5,5,2.16,0,2
87,low_scarcity,high_feasibility,10,0.6,optimal,5,5,0.9750000000000001,5,1,1.2650000000000001,5,5,2.16,2,2
88,low_scarcity,high_feasibility,10,0.6,optimal,5,5,0.8200000000000001,5,1,0.94,5,5,2.1599999999999997,1,2
89,low_scarcity,high_feasibility,10,0.6,optimal,5,5,1.2600000000000005,5,0,1.345,5,5,2.16,2,2
90,low_scarcity,high_feasibility,10,0.6,optimal,5,5,1.3800000000000001,5,0,1.43,5,5,2.1599999999999997,3,1
91,low_scarcity,high_feasibility,10,0.6,optimal,5,5,1.1,5,0,1.0550000000000002,5,5,2.16,2,2
92,low_scarcity,high_feasibility,10,0.6,optimal,5,5,1.05,5,1,1.3699999999999999,5,5,2.16,2,2
93,low_scarcity,high_feasibility,10,0.6,optimal,5,5,1.215,5,1,1.345,5,5,2.16,2,2
94,low_scarcity,high_feasibility,10,0.6,optimal,5,5,0.8499999999999999,5,1,0.7899999999999998,5,5,2.1599999999999997,1,0
95,low_scarcity,high_feasibility,10,0.6,optimal,5,5,0.9949999999999999,5,1,0.9599999999999997,5,5,2.16,1,2
96,low_scarcity,high_feasibility,10,0.6,optimal,5,5,1.2599999999999998,5,1,1.3099999999999998,5,5,2.16,2,2
97,low_scarcity,high_feasibility,10,0.6,optimal,5,5,1.4899999999999998,5,2,1.4699999999999998,5,5,2.16,3,3
98,low_scarcity,high_feasibility,10,0.6,optimal,5,5,1.34,5,0,1.2600000000000002,5,5,2.1599999999999997,3,1
99,low_scarcity,high_feasibility,10,0.6,optimal,5,5,0.8899999999999999,5,2,1.17,5,4,2.16,1,2
