num_resources,availability_probability,suitability_probability,quantity_assignments,quality_assignments,aggregate_value_assignments,quantity_assignment_value,quality_assignment_value,aggregate_value_assignment_value,quantity_highest_priority,quality_highest_priority,aggregate_value_highest_priority,quantity_secondary_priority,quality_secondary_priority,aggregate_value_secondary_priority,quantity_time,quality_time,aggregate_value_time
4,0.3,0.3,4.0,4.0,4.0,6.0,6.52,12.36,3.51,3.51,0.04,0.26666666666666666,0.26666666666666666,1.8366666666666667,0.000730960369110075,0.0009341287612914741,0.000558607578277565
4,0.3,0.5,4.0,4.0,4.0,6.74,7.39,13.23,3.51,3.51,0.02,0.26666666666666666,0.26666666666666666,1.9033333333333333,0.00053312778472898,0.000617332458496071,0.000338838100433334
4,0.3,0.7,4.0,4.0,4.0,7.5,7.98,13.77,3.51,3.51,0.01,0.26666666666666666,0.26666666666666666,1.9766666666666666,0.00042541503906248004,0.000627138614654517,0.00045822858810423
4,0.45,0.3,4.0,4.0,4.0,5.38,6.12,12.86,3.88,3.88,0.06,0.05333333333333333,0.05333333333333333,1.95,0.000748858451843237,0.00176851272583005,0.000408353805541975
4,0.45,0.5,4.0,4.0,4.0,6.18,7.02,13.56,3.88,3.88,0.03,0.05333333333333333,0.05333333333333333,2.0066666666666664,0.00078664541244504,0.001223814487457245,0.000549728870391823
4,0.45,0.7,4.0,4.0,4.0,6.92,7.56,14.05,3.88,3.88,0.02,0.05333333333333333,0.05333333333333333,2.0666666666666664,0.0006969499588012371,0.0010760021209716521,0.000487716197967513
4,0.6,0.3,4.0,4.0,4.0,5.29,6.34,13.23,3.97,3.97,0.03,0.02,0.02,1.99,0.0011583042144775039,0.0023875784873962,0.0007226157188415309
4,0.6,0.5,4.0,4.0,4.0,6.13,7.13,13.87,3.97,3.97,0.01,0.02,0.02,2.0466666666666664,0.001319983005523635,0.0024979925155639198,0.000820090770721405
4,0.6,0.7,4.0,4.0,4.0,6.99,7.71,14.22,3.97,3.97,0.01,0.02,0.02,2.1166666666666667,0.001237425804138142,0.002403895854949912,0.000756635665893525
7,0.3,0.3,7.0,7.0,7.0,12.99,13.88,20.63,4.79,4.79,0.22,1.25,1.2366666666666666,2.8033333333333332,0.001975073814392049,0.0021802306175231507,0.00052596330642698
7,0.3,0.5,7.0,7.0,7.0,14.21,15.22,22.07,4.79,4.79,0.16,1.25,1.2266666666666668,2.9266666666666663,0.002237372398376424,0.0027850985527038143,0.000773506164550751
7,0.3,0.7,7.0,7.0,7.0,15.57,16.28,22.83,4.79,4.79,0.04,1.25,1.2333333333333334,3.043333333333333,0.001803212165832482,0.002055261135101275,0.000605647563934301
7,0.45,0.3,7.0,7.0,7.0,12.95,14.76,21.76,4.97,4.97,0.14,1.2866666666666666,1.2566666666666668,2.973333333333333,0.003887424468994094,0.0038328695297240763,0.00125976085662838
7,0.45,0.5,7.0,7.0,7.0,14.34,16.17,22.91,4.97,4.97,0.06,1.2866666666666666,1.2666666666666666,3.0866666666666664,0.00392512321472163,0.00415409564971919,0.0016780853271484008
7,0.45,0.7,7.0,7.0,7.0,15.72,17.08,23.33,4.97,4.97,0.02,1.2866666666666666,1.28,3.16,0.0037554287910460983,0.004137291908264113,0.001615130901336631
7,0.6,0.3,7.0,7.0,7.0,13.1,15.68,22.43,5.0,5.0,0.06,1.2933333333333334,1.2733333333333332,3.076666666666666,0.004275898933410594,0.004756255149841263,0.003742897510528514
7,0.6,0.5,7.0,7.0,7.0,14.47,16.97,23.29,5.0,5.0,0.01,1.2933333333333334,1.2866666666666666,3.15,0.004805986881256049,0.00537422895431514,0.004120450019836375
7,0.6,0.7,7.0,7.0,7.0,15.87,17.61,23.48,5.0,5.0,0.0,1.2933333333333334,1.2933333333333334,3.166666666666666,0.004807803630828805,0.005006456375122024,0.004163222312927196
10,0.3,0.3,10.0,10.0,10.0,20.52,23.47,28.65,4.96,4.96,0.5,2.5,2.466666666666667,3.556666666666666,0.004226651191711377,0.004394135475158641,0.0013113212585448841
10,0.3,0.5,10.0,10.0,10.0,22.54,25.28,30.49,4.96,4.96,0.35,2.5,2.483333333333333,3.7366666666666664,0.004272890090942335,0.004298903942108105,0.001534373760223344
10,0.3,0.7,10.0,10.0,10.0,24.44,26.5,31.6,4.96,4.96,0.13,2.5,2.4866666666666664,3.973333333333333,0.00358914136886592,0.0033237624168395556,0.0016228699684142681
10,0.45,0.3,10.0,10.0,10.0,20.64,25.12,30.18,5.0,5.0,0.26,2.52,2.51,3.8566666666666665,0.0040496802330016604,0.004353439807891795,0.003619272708892773
10,0.45,0.5,10.0,10.0,10.0,22.5,26.64,31.75,5.0,5.0,0.12,2.52,2.5066666666666664,4.04,0.003970375061035108,0.004352462291717482,0.00350099563598628
10,0.45,0.7,10.0,10.0,10.0,24.37,27.29,32.3,5.0,5.0,0.03,2.52,2.52,4.136666666666667,0.003986949920654247,0.004179008007049515,0.0036853790283202592
10,0.6,0.3,10.0,10.0,10.0,20.75,26.14,31.21,5.0,5.0,0.08,2.52,2.52,4.0,0.004534473419189401,0.004823038578033399,0.0038566851615905316
10,0.6,0.5,10.0,10.0,10.0,22.67,27.26,32.3,5.0,5.0,0.04,2.52,2.52,4.126666666666667,0.004376370906829785,0.005066366195678665,0.004194524288177439
10,0.6,0.7,10.0,10.0,10.0,24.48,27.54,32.5,5.0,5.0,0.0,2.52,2.52,4.17,0.004521238803863483,0.004855344295501663,0.004184372425079295
