num_resources,suitability_probability,qty_assignments,qual_assignments,w_assignments,qty_assignment_value,qual_assignment_value,w_assignment_value,qty_highest_priority,qual_highest_priority,w_highest_priority,qty_secondary_priority,qual_secondary_priority,w_secondary_priority,qty_time,qual_time,w_time
4,0.3,4.0,4.0,4.0,5.38,6.12,12.86,3.88,3.88,0.06,0.05333333333333333,0.05333333333333333,1.95,0.000743086338043181,0.0012783837318420073,0.000452895164489722
4,0.5,4.0,4.0,4.0,6.18,7.02,13.56,3.88,3.88,0.03,0.05333333333333333,0.05333333333333333,2.0066666666666664,0.0006772947311401021,0.001239380836486781,0.00044132947921751096
4,0.7,4.0,4.0,4.0,6.92,7.56,14.05,3.88,3.88,0.02,0.05333333333333333,0.05333333333333333,2.0666666666666664,0.000603370666503876,0.001012611389160125,0.0005507802963256591
7,0.3,7.0,7.0,7.0,12.95,14.76,21.76,4.97,4.97,0.14,1.2866666666666666,1.2566666666666668,2.973333333333333,0.003809211254119821,0.004283196926116896,0.0013807678222655859
7,0.5,7.0,7.0,7.0,14.34,16.17,22.91,4.97,4.97,0.06,1.2866666666666666,1.2666666666666666,3.0866666666666664,0.003894853591918893,0.004373157024383493,0.001745150089263875
7,0.7,7.0,7.0,7.0,15.72,17.08,23.33,4.97,4.97,0.02,1.2866666666666666,1.28,3.16,0.003922491073608349,0.004270279407501176,0.002051861286163288
10,0.3,10.0,10.0,10.0,20.64,25.12,30.18,5.0,5.0,0.26,2.52,2.51,3.8566666666666665,0.0042140197753905775,0.004758822917938179,0.004086582660674997
10,0.5,10.0,10.0,10.0,22.5,26.64,31.75,5.0,5.0,0.12,2.52,2.5066666666666664,4.04,0.004208681583404494,0.004589078426361034,0.004034855365753125
10,0.7,10.0,10.0,10.0,24.37,27.29,32.3,5.0,5.0,0.03,2.52,2.52,4.136666666666667,0.004051756858825635,0.004606649875640821,0.003981943130493111
