availability_probability,suitability_probability,qty_assignments,qual_assignments,w_assignments,qty_assignment_value,qual_assignment_value,w_assignment_value,qty_highest_priority,qual_highest_priority,w_highest_priority,qty_secondary_priority,qual_secondary_priority,w_secondary_priority,qty_time,qual_time,w_time
0.3,0.3,7.0,7.0,7.0,12.99,13.88,20.63,4.79,4.79,0.22,1.25,1.2366666666666666,2.8033333333333332,0.002012367248535115,0.002245779037475548,0.000549633502960183
0.3,0.5,7.0,7.0,7.0,14.21,15.22,22.07,4.79,4.79,0.16,1.25,1.2266666666666668,2.9266666666666663,0.0017690896987914639,0.002218687534332227,0.000574052333831761
0.3,0.7,7.0,7.0,7.0,15.57,16.28,22.83,4.79,4.79,0.04,1.25,1.2333333333333334,3.043333333333333,0.001762044429779012,0.001965494155883743,0.000644738674163792
0.45,0.3,7.0,7.0,7.0,12.95,14.76,21.76,4.97,4.97,0.14,1.2866666666666666,1.2566666666666668,2.973333333333333,0.003841071128845164,0.004102859497070264,0.001571471691131546
0.45,0.5,7.0,7.0,7.0,14.34,16.17,22.91,4.97,4.97,0.06,1.2866666666666666,1.2666666666666666,3.0866666666666664,0.003996880054473831,0.00450426816940303,0.00169922590255733
0.45,0.7,7.0,7.0,7.0,15.72,17.08,23.33,4.97,4.97,0.02,1.2866666666666666,1.28,3.16,0.003822503089904737,0.0042418336868285675,0.0017459821701049441
0.6,0.3,7.0,7.0,7.0,13.1,15.68,22.43,5.0,5.0,0.06,1.2933333333333334,1.2733333333333332,3.076666666666666,0.004177498817443795,0.004711506366729689,0.003535206317901563
0.6,0.5,7.0,7.0,7.0,14.47,16.97,23.29,5.0,5.0,0.01,1.2933333333333334,1.2866666666666666,3.15,0.004654989242553657,0.0056309509277343225,0.004408960342407172
0.6,0.7,7.0,7.0,7.0,15.87,17.61,23.48,5.0,5.0,0.0,1.2933333333333334,1.2933333333333334,3.166666666666666,0.004671282768249458,0.004952344894409135,0.003930964469909622
