seed,penalty_weight,status,quantity_assignment_value,quantity_highest_priority,quantity_secondary_priority,quantity_average_slack,quality_assignment_value,quality_highest_priority,quality_secondary_priority,quality_average_slack,aggregate_value_assignment_value,aggregate_value_highest_priority,aggregate_value_secondary_priority
0,0.25,optimal,16,5,1.3333333333333333,3.6666666666666665,16,5,1.3333333333333333,3.6666666666666665,22,0,2.6666666666666665
1,0.25,optimal,13,5,1.3333333333333333,3.6666666666666665,18,5,1.3333333333333333,3.6666666666666665,23,1,3.0
2,0.25,optimal,12,5,0.6666666666666666,4.333333333333333,12,5,0.6666666666666666,4.333333333333333,20,0,2.0
3,0.25,optimal,16,5,1.6666666666666667,3.3333333333333335,17,5,1.6666666666666667,3.3333333333333335,24,0,3.6666666666666665
4,0.25,optimal,14,5,1.3333333333333333,3.6666666666666665,16,5,1.3333333333333333,3.6666666666666665,23,0,3.0
5,0.25,optimal,14,5,1.3333333333333333,3.6666666666666665,16,5,1.3333333333333333,3.6666666666666665,23,0,3.0
6,0.25,optimal,15,5,1.3333333333333333,3.6666666666666665,17,5,1.3333333333333333,3.6666666666666665,23,0,3.3333333333333335
7,0.25,optimal,16,5,1.3333333333333333,3.6666666666666665,17,5,1.3333333333333333,3.6666666666666665,24,0,3.6666666666666665
8,0.25,optimal,14,5,1.0,4.0,14,5,1.0,4.0,22,0,2.6666666666666665
9,0.25,optimal,15,5,1.3333333333333333,3.6666666666666665,15,5,1.3333333333333333,3.6666666666666665,23,0,3.0
10,0.25,optimal,14,5,1.0,4.0,16,5,1.0,4.0,22,0,2.6666666666666665
11,0.25,optimal,16,5,1.3333333333333333,3.3333333333333335,17,5,1.3333333333333333,3.3333333333333335,22,0,3.0
12,0.25,optimal,14,5,1.3333333333333333,3.6666666666666665,16,5,1.3333333333333333,3.6666666666666665,23,0,3.0
13,0.25,optimal,12,5,1.0,4.0,15,5,1.0,4.0,23,0,3.0
14,0.25,optimal,15,5,1.3333333333333333,3.6666666666666665,17,5,1.3333333333333333,3.6666666666666665,23,0,3.0
15,0.25,optimal,16,5,1.3333333333333333,3.6666666666666665,16,5,1.3333333333333333,3.6666666666666665,22,0,3.0
16,0.25,optimal,12,5,1.3333333333333333,3.6666666666666665,16,5,1.3333333333333333,3.6666666666666665,23,0,3.3333333333333335
17,0.25,optimal,12,5,1.0,4.0,15,5,1.0,4.0,21,1,2.3333333333333335
18,0.25,optimal,14,5,0.6666666666666666,4.333333333333333,14,5,0.6666666666666666,4.333333333333333,22,0,2.6666666666666665
19,0.25,optimal,12,5,1.3333333333333333,3.6666666666666665,15,5,1.0,4.0,22,0,3.3333333333333335
20,0.25,optimal,14,5,1.6666666666666667,3.3333333333333335,16,5,1.6666666666666667,3.3333333333333335,24,0,3.3333333333333335
21,0.25,optimal,16,5,1.3333333333333333,3.6666666666666665,16,5,1.3333333333333333,3.6666666666666665,24,0,3.3333333333333335
22,0.25,optimal,13,5,0.6666666666666666,4.333333333333333,14,5,0.6666666666666666,4.333333333333333,21,0,2.3333333333333335
23,0.25,optimal,14,5,1.3333333333333333,3.6666666666666665,16,5,1.0,4.0,22,0,2.6666666666666665
24,0.25,optimal,17,5,1.3333333333333333,3.6666666666666665,18,5,1.3333333333333333,3.6666666666666665,24,0,3.3333333333333335
25,0.25,optimal,13,5,1.0,4.0,15,5,1.0,4.0,21,0,2.6666666666666665
26,0.25,optimal,12,5,1.3333333333333333,3.6666666666666665,15,5,1.3333333333333333,3.6666666666666665,22,1,2.6666666666666665
27,0.25,optimal,13,5,1.3333333333333333,3.6666666666666665,15,5,1.0,4.0,24,0,3.6666666666666665
28,0.25,optimal,14,5,1.6666666666666667,3.3333333333333335,18,5,1.6666666666666667,3.3333333333333335,25,0,3.6666666666666665
29,0.25,optimal,12,5,1.0,4.0,16,5,1.0,4.0,21,0,2.3333333333333335
30,0.25,optimal,13,5,1.3333333333333333,3.6666666666666665,17,5,1.3333333333333333,3.6666666666666665,24,0,3.3333333333333335
31,0.25,optimal,16,5,1.6666666666666667,3.3333333333333335,17,5,1.6666666666666667,3.3333333333333335,26,0,4.0
32,0.25,optimal,12,5,1.3333333333333333,3.3333333333333335,16,5,1.3333333333333333,3.3333333333333335,22,0,3.3333333333333335
33,0.25,optimal,14,5,1.6666666666666667,3.3333333333333335,15,5,1.6666666666666667,3.3333333333333335,26,0,4.0
34,0.25,optimal,13,5,1.0,4.0,14,5,1.0,4.0,22,0,2.6666666666666665
35,0.25,optimal,14,5,1.3333333333333333,3.6666666666666665,16,5,1.3333333333333333,3.6666666666666665,25,0,3.6666666666666665
36,0.25,optimal,14,5,1.3333333333333333,3.6666666666666665,17,5,1.0,4.0,22,0,3.0
37,0.25,optimal,17,5,1.3333333333333333,3.6666666666666665,17,5,1.3333333333333333,3.6666666666666665,23,0,3.3333333333333335
38,0.25,optimal,16,5,1.3333333333333333,3.6666666666666665,17,5,1.3333333333333333,3.6666666666666665,25,0,3.6666666666666665
39,0.25,optimal,12,5,0.6666666666666666,4.333333333333333,14,5,0.6666666666666666,4.333333333333333,21,0,2.6666666666666665
40,0.25,optimal,16,5,1.3333333333333333,3.6666666666666665,17,5,1.3333333333333333,3.6666666666666665,23,0,3.0
41,0.25,optimal,16,5,1.3333333333333333,3.6666666666666665,17,5,1.3333333333333333,3.6666666666666665,24,0,3.3333333333333335
42,0.25,optimal,15,5,1.0,4.0,15,5,1.0,4.0,21,0,2.6666666666666665
43,0.25,optimal,12,5,1.0,4.0,15,5,1.0,4.0,22,0,2.6666666666666665
44,0.25,optimal,15,5,1.3333333333333333,3.6666666666666665,17,5,1.3333333333333333,3.6666666666666665,25,0,3.6666666666666665
45,0.25,optimal,14,5,1.3333333333333333,3.6666666666666665,16,5,1.3333333333333333,3.6666666666666665,24,0,3.3333333333333335
46,0.25,optimal,14,5,1.3333333333333333,3.6666666666666665,18,5,1.3333333333333333,3.6666666666666665,25,0,3.6666666666666665
47,0.25,optimal,16,5,1.3333333333333333,3.6666666666666665,17,5,1.3333333333333333,3.6666666666666665,24,0,3.3333333333333335
48,0.25,optimal,17,4,2.0,3.0,18,4,1.6666666666666667,3.3333333333333335,24,0,3.3333333333333335
49,0.25,optimal,15,5,1.6666666666666667,3.3333333333333335,16,5,1.6666666666666667,3.3333333333333335,24,0,3.3333333333333335
50,0.25,optimal,14,5,1.3333333333333333,3.6666666666666665,14,5,1.3333333333333333,3.6666666666666665,25,0,4.0
51,0.25,optimal,11,5,1.0,4.0,14,5,1.0,4.0,22,0,2.6666666666666665
52,0.25,optimal,14,5,1.0,4.0,15,5,1.0,4.0,22,0,3.3333333333333335
53,0.25,optimal,16,5,1.6666666666666667,3.3333333333333335,19,5,1.6666666666666667,3.3333333333333335,25,0,4.333333333333333
54,0.25,optimal,12,5,1.3333333333333333,3.6666666666666665,17,5,1.3333333333333333,3.6666666666666665,23,0,3.0
55,0.25,optimal,17,5,1.3333333333333333,3.6666666666666665,17,5,1.3333333333333333,3.6666666666666665,23,0,3.0
56,0.25,optimal,15,5,1.0,4.0,15,5,1.0,4.0,23,0,3.0
57,0.25,optimal,13,5,1.3333333333333333,3.6666666666666665,16,5,1.3333333333333333,3.6666666666666665,22,0,3.0
58,0.25,optimal,12,5,1.3333333333333333,3.6666666666666665,17,5,1.3333333333333333,3.6666666666666665,23,0,3.0
59,0.25,optimal,16,5,1.3333333333333333,3.6666666666666665,17,5,1.3333333333333333,3.6666666666666665,22,0,2.6666666666666665
60,0.25,optimal,16,5,1.6666666666666667,3.3333333333333335,17,5,1.6666666666666667,3.3333333333333335,23,0,3.3333333333333335
61,0.25,optimal,15,5,1.6666666666666667,3.3333333333333335,17,5,1.6666666666666667,3.3333333333333335,22,0,3.3333333333333335
62,0.25,optimal,16,5,1.6666666666666667,3.3333333333333335,18,5,1.6666666666666667,3.3333333333333335,25,0,3.6666666666666665
63,0.25,optimal,14,5,1.3333333333333333,3.6666666666666665,18,5,1.3333333333333333,3.6666666666666665,24,0,3.3333333333333335
64,0.25,optimal,13,5,1.3333333333333333,3.6666666666666665,16,5,1.3333333333333333,3.6666666666666665,23,0,3.0
65,0.25,optimal,16,5,1.3333333333333333,3.6666666666666665,17,5,1.3333333333333333,3.6666666666666665,24,0,3.3333333333333335
66,0.25,optimal,11,5,1.0,4.0,13,5,1.0,4.0,22,0,2.6666666666666665
67,0.25,optimal,13,5,1.3333333333333333,3.0,16,5,1.3333333333333333,3.0,22,0,2.6666666666666665
68,0.25,optimal,15,5,1.3333333333333333,3.6666666666666665,15,5,1.3333333333333333,3.6666666666666665,23,0,3.0
69,0.25,optimal,14,5,1.6666666666666667,3.3333333333333335,17,5,1.6666666666666667,3.3333333333333335,25,0,4.333333333333333
70,0.25,optimal,13,5,1.0,4.0,16,5,1.0,4.0,22,0,2.6666666666666665
71,0.25,optimal,17,5,1.6666666666666667,3.3333333333333335,18,5,1.6666666666666667,3.3333333333333335,22,0,3.0
72,0.25,optimal,13,5,1.0,4.0,13,5,1.0,4.0,24,0,3.3333333333333335
73,0.25,optimal,14,5,1.0,4.0,14,5,1.0,4.0,21,0,2.3333333333333335
74,0.25,optimal,16,5,1.6666666666666667,3.3333333333333335,18,5,1.6666666666666667,3.3333333333333335,24,0,3.3333333333333335
75,0.25,optimal,15,5,1.3333333333333333,3.6666666666666665,17,5,1.3333333333333333,3.6666666666666665,25,0,3.6666666666666665
76,0.25,optimal,17,5,1.6666666666666667,3.3333333333333335,18,5,1.6666666666666667,3.3333333333333335,23,0,3.3333333333333335
77,0.25,optimal,15,4,1.6666666666666667,2.6666666666666665,17,4,1.6666666666666667,2.6666666666666665,21,1,2.3333333333333335
78,0.25,optimal,13,5,1.0,3.6666666666666665,15,5,1.0,3.6666666666666665,21,0,2.6666666666666665
79,0.25,optimal,15,5,1.3333333333333333,3.6666666666666665,18,5,1.3333333333333333,3.6666666666666665,24,0,3.3333333333333335
80,0.25,optimal,16,5,1.3333333333333333,3.6666666666666665,18,5,1.3333333333333333,3.6666666666666665,23,0,3.0
81,0.25,optimal,14,5,1.3333333333333333,3.6666666666666665,15,5,1.3333333333333333,3.6666666666666665,22,0,3.0
82,0.25,optimal,15,5,1.0,4.0,17,5,1.0,4.0,21,0,2.6666666666666665
83,0.25,optimal,13,5,1.3333333333333333,3.6666666666666665,16,5,1.3333333333333333,3.6666666666666665,23,0,3.3333333333333335
84,0.25,optimal,15,5,1.3333333333333333,3.6666666666666665,17,5,1.3333333333333333,3.6666666666666665,22,1,2.6666666666666665
85,0.25,optimal,17,5,1.3333333333333333,3.6666666666666665,17,5,1.3333333333333333,3.6666666666666665,25,0,3.6666666666666665
86,0.25,optimal,17,5,1.3333333333333333,3.6666666666666665,17,5,1.3333333333333333,3.6666666666666665,23,0,3.0
87,0.25,optimal,15,5,0.6666666666666666,4.333333333333333,16,5,0.6666666666666666,4.333333333333333,20,0,2.0
88,0.25,optimal,15,5,1.3333333333333333,3.6666666666666665,15,5,1.3333333333333333,3.6666666666666665,24,0,3.3333333333333335
89,0.25,optimal,14,5,1.0,4.0,15,5,1.0,4.0,22,0,2.6666666666666665
90,0.25,optimal,13,5,0.6666666666666666,4.333333333333333,16,5,0.6666666666666666,4.333333333333333,20,1,2.0
91,0.25,optimal,14,5,1.3333333333333333,3.6666666666666665,17,5,1.3333333333333333,3.6666666666666665,23,0,3.3333333333333335
92,0.25,optimal,14,5,1.3333333333333333,3.6666666666666665,17,5,1.3333333333333333,3.6666666666666665,23,0,3.0
93,0.25,optimal,16,5,1.6666666666666667,3.3333333333333335,19,5,1.6666666666666667,3.3333333333333335,25,0,3.6666666666666665
94,0.25,optimal,14,5,1.3333333333333333,3.6666666666666665,17,5,1.3333333333333333,3.6666666666666665,22,0,2.6666666666666665
95,0.25,optimal,15,4,2.0,3.0,18,4,1.6666666666666667,3.3333333333333335,24,0,3.6666666666666665
96,0.25,optimal,17,5,1.3333333333333333,3.6666666666666665,18,5,1.3333333333333333,3.6666666666666665,23,0,3.0
97,0.25,optimal,11,5,1.0,4.0,14,5,1.0,4.0,22,0,2.6666666666666665
98,0.25,optimal,13,5,1.0,4.0,15,5,1.0,4.0,22,0,2.6666666666666665
99,0.25,optimal,14,5,1.0,4.0,14,5,1.0,4.0,22,0,2.6666666666666665
0,0.5,optimal,16,5,1.3333333333333333,3.6666666666666665,16,5,1.3333333333333333,3.6666666666666665,22,0,2.6666666666666665
1,0.5,optimal,13,5,1.3333333333333333,3.6666666666666665,18,5,1.3333333333333333,3.6666666666666665,23,1,3.0
2,0.5,optimal,12,5,0.6666666666666666,4.333333333333333,12,5,0.6666666666666666,4.333333333333333,20,0,2.0
3,0.5,optimal,16,5,1.6666666666666667,3.3333333333333335,17,5,1.6666666666666667,3.3333333333333335,24,0,3.6666666666666665
4,0.5,optimal,14,5,1.3333333333333333,3.6666666666666665,16,5,1.3333333333333333,3.6666666666666665,23,0,3.0
5,0.5,optimal,14,5,1.3333333333333333,3.6666666666666665,16,5,1.3333333333333333,3.6666666666666665,23,0,3.0
6,0.5,optimal,15,5,1.3333333333333333,3.6666666666666665,17,5,1.3333333333333333,3.6666666666666665,23,0,3.3333333333333335
7,0.5,optimal,16,5,1.3333333333333333,3.6666666666666665,17,5,1.3333333333333333,3.6666666666666665,24,0,3.6666666666666665
8,0.5,optimal,14,5,1.0,4.0,14,5,1.0,4.0,22,0,2.6666666666666665
9,0.5,optimal,15,5,1.3333333333333333,3.6666666666666665,15,5,1.3333333333333333,3.6666666666666665,23,0,3.0
10,0.5,optimal,14,5,1.0,4.0,16,5,1.0,4.0,22,0,2.6666666666666665
11,0.5,optimal,16,5,1.3333333333333333,3.3333333333333335,17,5,1.3333333333333333,3.3333333333333335,22,0,3.0
12,0.5,optimal,14,5,1.3333333333333333,3.6666666666666665,16,5,1.3333333333333333,3.6666666666666665,23,0,3.0
13,0.5,optimal,12,5,1.0,4.0,15,5,1.0,4.0,23,0,3.0
14,0.5,optimal,15,5,1.3333333333333333,3.6666666666666665,17,5,1.3333333333333333,3.6666666666666665,23,0,3.0
15,0.5,optimal,16,5,1.3333333333333333,3.6666666666666665,16,5,1.3333333333333333,3.6666666666666665,22,0,3.0
16,0.5,optimal,12,5,1.3333333333333333,3.6666666666666665,16,5,1.3333333333333333,3.6666666666666665,23,0,3.3333333333333335
17,0.5,optimal,12,5,1.0,4.0,15,5,1.0,4.0,21,1,2.3333333333333335
18,0.5,optimal,14,5,0.6666666666666666,4.333333333333333,14,5,0.6666666666666666,4.333333333333333,22,0,2.6666666666666665
19,0.5,optimal,12,5,1.3333333333333333,3.6666666666666665,15,5,1.0,4.0,22,0,3.3333333333333335
20,0.5,optimal,14,5,1.6666666666666667,3.3333333333333335,16,5,1.6666666666666667,3.3333333333333335,24,0,3.3333333333333335
21,0.5,optimal,16,5,1.3333333333333333,3.6666666666666665,16,5,1.3333333333333333,3.6666666666666665,24,0,3.3333333333333335
22,0.5,optimal,13,5,0.6666666666666666,4.333333333333333,14,5,0.6666666666666666,4.333333333333333,21,0,2.3333333333333335
23,0.5,optimal,14,5,1.3333333333333333,3.6666666666666665,16,5,1.0,4.0,22,0,2.6666666666666665
24,0.5,optimal,17,5,1.3333333333333333,3.6666666666666665,18,5,1.3333333333333333,3.6666666666666665,24,0,3.3333333333333335
25,0.5,optimal,13,5,1.0,4.0,15,5,1.0,4.0,21,0,2.6666666666666665
26,0.5,optimal,12,5,1.3333333333333333,3.6666666666666665,15,5,1.3333333333333333,3.6666666666666665,22,1,2.6666666666666665
27,0.5,optimal,13,5,1.3333333333333333,3.6666666666666665,15,5,1.0,4.0,24,0,3.6666666666666665
28,0.5,optimal,14,5,1.6666666666666667,3.3333333333333335,18,5,1.6666666666666667,3.3333333333333335,25,0,3.6666666666666665
29,0.5,optimal,12,5,1.0,4.0,16,5,1.0,4.0,21,0,2.3333333333333335
30,0.5,optimal,13,5,1.3333333333333333,3.6666666666666665,17,5,1.3333333333333333,3.6666666666666665,24,0,3.3333333333333335
31,0.5,optimal,16,5,1.6666666666666667,3.3333333333333335,17,5,1.6666666666666667,3.3333333333333335,26,0,4.0
32,0.5,optimal,12,5,1.3333333333333333,3.3333333333333335,16,5,1.3333333333333333,3.3333333333333335,22,0,3.3333333333333335
33,0.5,optimal,14,5,1.6666666666666667,3.3333333333333335,15,5,1.6666666666666667,3.3333333333333335,26,0,4.0
34,0.5,optimal,13,5,1.0,4.0,14,5,1.0,4.0,22,0,2.6666666666666665
35,0.5,optimal,14,5,1.3333333333333333,3.6666666666666665,16,5,1.3333333333333333,3.6666666666666665,25,0,3.6666666666666665
36,0.5,optimal,14,5,1.3333333333333333,3.6666666666666665,17,5,1.0,4.0,22,0,3.0
37,0.5,optimal,17,5,1.3333333333333333,3.6666666666666665,17,5,1.3333333333333333,3.6666666666666665,23,0,3.3333333333333335
38,0.5,optimal,16,5,1.3333333333333333,3.6666666666666665,17,5,1.3333333333333333,3.6666666666666665,25,0,3.6666666666666665
39,0.5,optimal,12,5,0.6666666666666666,4.333333333333333,14,5,0.6666666666666666,4.333333333333333,21,0,2.6666666666666665
40,0.5,optimal,16,5,1.3333333333333333,3.6666666666666665,17,5,1.3333333333333333,3.6666666666666665,23,0,3.0
41,0.5,optimal,16,5,1.3333333333333333,3.6666666666666665,17,5,1.3333333333333333,3.6666666666666665,24,0,3.3333333333333335
42,0.5,optimal,15,5,1.0,4.0,15,5,1.0,4.0,21,0,2.6666666666666665
43,0.5,optimal,12,5,1.0,4.0,15,5,1.0,4.0,22,0,2.6666666666666665
44,0.5,optimal,15,5,1.3333333333333333,3.6666666666666665,17,5,1.3333333333333333,3.6666666666666665,25,0,3.6666666666666665
45,0.5,optimal,14,5,1.3333333333333333,3.6666666666666665,16,5,1.3333333333333333,3.6666666666666665,24,0,3.3333333333333335
46,0.5,optimal,14,5,1.3333333333333333,3.6666666666666665,18,5,1.3333333333333333,3.6666666666666665,25,0,3.6666666666666665
47,0.5,optimal,16,5,1.3333333333333333,3.6666666666666665,17,5,1.3333333333333333,3.6666666666666665,24,0,3.3333333333333335
48,0.5,optimal,17,4,2.0,3.0,18,4,1.6666666666666667,3.3333333333333335,24,0,3.3333333333333335
49,0.5,optimal,15,5,1.6666666666666667,3.3333333333333335,16,5,1.6666666666666667,3.3333333333333335,24,0,3.3333333333333335
50,0.5,optimal,14,5,1.3333333333333333,3.6666666666666665,14,5,1.3333333333333333,3.6666666666666665,25,0,4.0
51,0.5,optimal,11,5,1.0,4.0,14,5,1.0,4.0,22,0,2.6666666666666665
52,0.5,optimal,14,5,1.0,4.0,15,5,1.0,4.0,22,0,3.3333333333333335
53,0.5,optimal,16,5,1.6666666666666667,3.3333333333333335,19,5,1.6666666666666667,3.3333333333333335,25,0,4.333333333333333
54,0.5,optimal,12,5,1.3333333333333333,3.6666666666666665,17,5,1.3333333333333333,3.6666666666666665,23,0,3.0
55,0.5,optimal,17,5,1.3333333333333333,3.6666666666666665,17,5,1.3333333333333333,3.6666666666666665,23,0,3.0
56,0.5,optimal,15,5,1.0,4.0,15,5,1.0,4.0,23,0,3.0
57,0.5,optimal,13,5,1.3333333333333333,3.6666666666666665,16,5,1.3333333333333333,3.6666666666666665,22,0,3.0
58,0.5,optimal,12,5,1.3333333333333333,3.6666666666666665,17,5,1.3333333333333333,3.6666666666666665,23,0,3.0
59,0.5,optimal,16,5,1.3333333333333333,3.6666666666666665,17,5,1.3333333333333333,3.6666666666666665,22,0,2.6666666666666665
60,0.5,optimal,16,5,1.6666666666666667,3.3333333333333335,17,5,1.6666666666666667,3.3333333333333335,23,0,3.3333333333333335
61,0.5,optimal,15,5,1.6666666666666667,3.3333333333333335,17,5,1.6666666666666667,3.3333333333333335,22,0,3.3333333333333335
62,0.5,optimal,16,5,1.6666666666666667,3.3333333333333335,18,5,1.6666666666666667,3.3333333333333335,25,0,3.6666666666666665
63,0.5,optimal,14,5,1.3333333333333333,3.6666666666666665,18,5,1.3333333333333333,3.6666666666666665,24,0,3.3333333333333335
64,0.5,optimal,13,5,1.3333333333333333,3.6666666666666665,16,5,1.3333333333333333,3.6666666666666665,23,0,3.0
65,0.5,optimal,16,5,1.3333333333333333,3.6666666666666665,17,5,1.3333333333333333,3.6666666666666665,24,0,3.3333333333333335
66,0.5,optimal,11,5,1.0,4.0,13,5,1.0,4.0,22,0,2.6666666666666665
67,0.5,optimal,13,5,1.3333333333333333,3.0,16,5,1.3333333333333333,3.0,22,0,2.6666666666666665
68,0.5,optimal,15,5,1.3333333333333333,3.6666666666666665,15,5,1.3333333333333333,3.6666666666666665,23,0,3.0
69,0.5,optimal,14,5,1.6666666666666667,3.3333333333333335,17,5,1.6666666666666667,3.3333333333333335,25,0,4.333333333333333
70,0.5,optimal,13,5,1.0,4.0,16,5,1.0,4.0,22,0,2.6666666666666665
71,0.5,optimal,17,5,1.6666666666666667,3.3333333333333335,18,5,1.6666666666666667,3.3333333333333335,22,0,3.0
72,0.5,optimal,13,5,1.0,4.0,13,5,1.0,4.0,24,0,3.3333333333333335
73,0.5,optimal,14,5,1.0,4.0,14,5,1.0,4.0,21,0,2.3333333333333335
74,0.5,optimal,16,5,1.6666666666666667,3.3333333333333335,18,5,1.6666666666666667,3.3333333333333335,24,0,3.3333333333333335
75,0.5,optimal,15,5,1.3333333333333333,3.6666666666666665,17,5,1.3333333333333333,3.6666666666666665,25,0,3.6666666666666665
76,0.5,optimal,17,5,1.6666666666666667,3.3333333333333335,18,5,1.6666666666666667,3.3333333333333335,23,0,3.3333333333333335
77,0.5,optimal,15,4,1.6666666666666667,2.6666666666666665,17,4,1.6666666666666667,2.6666666666666665,21,1,2.3333333333333335
78,0.5,optimal,13,5,1.0,3.6666666666666665,15,5,1.0,3.6666666666666665,21,0,2.6666666666666665
79,0.5,optimal,15,5,1.3333333333333333,3.6666666666666665,18,5,1.3333333333333333,3.6666666666666665,24,0,3.3333333333333335
80,0.5,optimal,16,5,1.3333333333333333,3.6666666666666665,18,5,1.3333333333333333,3.6666666666666665,23,0,3.0
81,0.5,optimal,14,5,1.3333333333333333,3.6666666666666665,15,5,1.3333333333333333,3.6666666666666665,22,0,3.0
82,0.5,optimal,15,5,1.0,4.0,17,5,1.0,4.0,21,0,2.6666666666666665
83,0.5,optimal,13,5,1.3333333333333333,3.6666666666666665,16,5,1.3333333333333333,3.6666666666666665,23,0,3.3333333333333335
84,0.5,optimal,15,5,1.3333333333333333,3.6666666666666665,17,5,1.3333333333333333,3.6666666666666665,22,1,2.6666666666666665
85,0.5,optimal,17,5,1.3333333333333333,3.6666666666666665,17,5,1.3333333333333333,3.6666666666666665,25,0,3.6666666666666665
86,0.5,optimal,17,5,1.3333333333333333,3.6666666666666665,17,5,1.3333333333333333,3.6666666666666665,23,0,3.0
87,0.5,optimal,15,5,0.6666666666666666,4.333333333333333,16,5,0.6666666666666666,4.333333333333333,20,0,2.0
88,0.5,optimal,15,5,1.3333333333333333,3.6666666666666665,15,5,1.3333333333333333,3.6666666666666665,24,0,3.3333333333333335
89,0.5,optimal,14,5,1.0,4.0,15,5,1.0,4.0,22,0,2.6666666666666665
90,0.5,optimal,13,5,0.6666666666666666,4.333333333333333,16,5,0.6666666666666666,4.333333333333333,20,1,2.0
91,0.5,optimal,14,5,1.3333333333333333,3.6666666666666665,17,5,1.3333333333333333,3.6666666666666665,23,0,3.3333333333333335
92,0.5,optimal,14,5,1.3333333333333333,3.6666666666666665,17,5,1.3333333333333333,3.6666666666666665,23,0,3.0
93,0.5,optimal,16,5,1.6666666666666667,3.3333333333333335,19,5,1.6666666666666667,3.3333333333333335,25,0,3.6666666666666665
94,0.5,optimal,14,5,1.3333333333333333,3.6666666666666665,17,5,1.3333333333333333,3.6666666666666665,22,0,2.6666666666666665
95,0.5,optimal,15,4,2.0,3.0,18,4,1.6666666666666667,3.3333333333333335,24,0,3.6666666666666665
96,0.5,optimal,17,5,1.3333333333333333,3.6666666666666665,18,5,1.3333333333333333,3.6666666666666665,23,0,3.0
97,0.5,optimal,11,5,1.0,4.0,14,5,1.0,4.0,22,0,2.6666666666666665
98,0.5,optimal,13,5,1.0,4.0,15,5,1.0,4.0,22,0,2.6666666666666665
99,0.5,optimal,14,5,1.0,4.0,14,5,1.0,4.0,22,0,2.6666666666666665
0,1.0,optimal,16,5,1.3333333333333333,3.6666666666666665,16,5,1.3333333333333333,3.6666666666666665,22,0,2.6666666666666665
1,1.0,optimal,13,5,1.3333333333333333,3.6666666666666665,18,5,1.3333333333333333,3.6666666666666665,23,1,3.0
2,1.0,optimal,12,5,0.6666666666666666,4.333333333333333,12,5,0.6666666666666666,4.333333333333333,20,0,2.0
3,1.0,optimal,16,5,1.6666666666666667,3.3333333333333335,17,5,1.6666666666666667,3.3333333333333335,24,0,3.6666666666666665
4,1.0,optimal,14,5,1.3333333333333333,3.6666666666666665,16,5,1.3333333333333333,3.6666666666666665,23,0,3.0
5,1.0,optimal,14,5,1.3333333333333333,3.6666666666666665,16,5,1.3333333333333333,3.6666666666666665,23,0,3.0
6,1.0,optimal,15,5,1.3333333333333333,3.6666666666666665,17,5,1.3333333333333333,3.6666666666666665,23,0,3.3333333333333335
7,1.0,optimal,16,5,1.3333333333333333,3.6666666666666665,17,5,1.3333333333333333,3.6666666666666665,24,0,3.6666666666666665
8,1.0,optimal,14,5,1.0,4.0,14,5,1.0,4.0,22,0,2.6666666666666665
9,1.0,optimal,15,5,1.3333333333333333,3.6666666666666665,15,5,1.3333333333333333,3.6666666666666665,23,0,3.0
10,1.0,optimal,14,5,1.0,4.0,16,5,1.0,4.0,22,0,2.6666666666666665
11,1.0,optimal,16,5,1.3333333333333333,3.3333333333333335,17,5,1.3333333333333333,3.3333333333333335,22,0,3.0
12,1.0,optimal,14,5,1.3333333333333333,3.6666666666666665,16,5,1.3333333333333333,3.6666666666666665,23,0,3.0
13,1.0,optimal,12,5,1.0,4.0,15,5,1.0,4.0,23,0,3.0
14,1.0,optimal,15,5,1.3333333333333333,3.6666666666666665,17,5,1.3333333333333333,3.6666666666666665,23,0,3.0
15,1.0,optimal,16,5,1.3333333333333333,3.6666666666666665,16,5,1.3333333333333333,3.6666666666666665,22,0,3.0
16,1.0,optimal,12,5,1.3333333333333333,3.6666666666666665,16,5,1.3333333333333333,3.6666666666666665,23,0,3.3333333333333335
17,1.0,optimal,12,5,1.0,4.0,15,5,1.0,4.0,21,1,2.3333333333333335
18,1.0,optimal,14,5,0.6666666666666666,4.333333333333333,14,5,0.6666666666666666,4.333333333333333,22,0,2.6666666666666665
19,1.0,optimal,12,5,1.3333333333333333,3.6666666666666665,14,5,1.3333333333333333,3.6666666666666665,22,0,3.3333333333333335
20,1.0,optimal,14,5,1.6666666666666667,3.3333333333333335,16,5,1.6666666666666667,3.3333333333333335,24,0,3.3333333333333335
21,1.0,optimal,16,5,1.3333333333333333,3.6666666666666665,16,5,1.3333333333333333,3.6666666666666665,24,0,3.3333333333333335
22,1.0,optimal,13,5,0.6666666666666666,4.333333333333333,14,5,0.6666666666666666,4.333333333333333,21,0,2.3333333333333335
23,1.0,optimal,14,5,1.3333333333333333,3.6666666666666665,15,5,1.3333333333333333,3.6666666666666665,22,0,2.6666666666666665
24,1.0,optimal,17,5,1.3333333333333333,3.6666666666666665,18,5,1.3333333333333333,3.6666666666666665,24,0,3.3333333333333335
25,1.0,optimal,13,5,1.0,4.0,15,5,1.0,4.0,21,0,2.6666666666666665
26,1.0,optimal,12,5,1.3333333333333333,3.6666666666666665,15,5,1.3333333333333333,3.6666666666666665,22,1,2.6666666666666665
27,1.0,optimal,13,5,1.3333333333333333,3.6666666666666665,15,5,1.0,4.0,24,0,3.6666666666666665
28,1.0,optimal,14,5,1.6666666666666667,3.3333333333333335,18,5,1.6666666666666667,3.3333333333333335,25,0,3.6666666666666665
29,1.0,optimal,12,5,1.0,4.0,16,5,1.0,4.0,21,0,2.3333333333333335
30,1.0,optimal,13,5,1.3333333333333333,3.6666666666666665,17,5,1.3333333333333333,3.6666666666666665,24,0,3.3333333333333335
31,1.0,optimal,16,5,1.6666666666666667,3.3333333333333335,17,5,1.6666666666666667,3.3333333333333335,26,0,4.0
32,1.0,optimal,12,5,1.3333333333333333,3.3333333333333335,16,5,1.3333333333333333,3.3333333333333335,22,0,3.3333333333333335
33,1.0,optimal,14,5,1.6666666666666667,3.3333333333333335,15,5,1.6666666666666667,3.3333333333333335,26,0,4.0
34,1.0,optimal,13,5,1.0,4.0,14,5,1.0,4.0,22,0,2.6666666666666665
35,1.0,optimal,14,5,1.3333333333333333,3.6666666666666665,16,5,1.3333333333333333,3.6666666666666665,25,0,3.6666666666666665
36,1.0,optimal,14,5,1.3333333333333333,3.6666666666666665,16,5,1.3333333333333333,3.6666666666666665,22,0,3.0
37,1.0,optimal,17,5,1.3333333333333333,3.6666666666666665,17,5,1.3333333333333333,3.6666666666666665,23,0,3.3333333333333335
38,1.0,optimal,16,5,1.3333333333333333,3.6666666666666665,17,5,1.3333333333333333,3.6666666666666665,25,0,3.6666666666666665
39,1.0,optimal,12,5,0.6666666666666666,4.333333333333333,14,5,0.6666666666666666,4.333333333333333,21,0,2.6666666666666665
40,1.0,optimal,16,5,1.3333333333333333,3.6666666666666665,17,5,1.3333333333333333,3.6666666666666665,23,0,3.0
41,1.0,optimal,16,5,1.3333333333333333,3.6666666666666665,17,5,1.3333333333333333,3.6666666666666665,24,0,3.3333333333333335
42,1.0,optimal,15,5,1.0,4.0,15,5,1.0,4.0,21,0,2.6666666666666665
43,1.0,optimal,12,5,1.0,4.0,15,5,1.0,4.0,22,0,2.6666666666666665
44,1.0,optimal,15,5,1.3333333333333333,3.6666666666666665,17,5,1.3333333333333333,3.6666666666666665,25,0,3.6666666666666665
45,1.0,optimal,14,5,1.3333333333333333,3.6666666666666665,16,5,1.3333333333333333,3.6666666666666665,24,0,3.3333333333333335
46,1.0,optimal,14,5,1.3333333333333333,3.6666666666666665,18,5,1.3333333333333333,3.6666666666666665,25,0,3.6666666666666665
47,1.0,optimal,16,5,1.3333333333333333,3.6666666666666665,17,5,1.3333333333333333,3.6666666666666665,24,0,3.3333333333333335
48,1.0,optimal,17,4,2.0,3.0,18,4,1.6666666666666667,3.3333333333333335,24,0,3.3333333333333335
49,1.0,optimal,15,5,1.6666666666666667,3.3333333333333335,16,5,1.6666666666666667,3.3333333333333335,24,0,3.3333333333333335
50,1.0,optimal,14,5,1.3333333333333333,3.6666666666666665,14,5,1.3333333333333333,3.6666666666666665,25,0,4.0
51,1.0,optimal,11,5,1.0,4.0,14,5,1.0,4.0,22,0,2.6666666666666665
52,1.0,optimal,14,5,1.0,4.0,15,5,1.0,4.0,22,0,3.3333333333333335
53,1.0,optimal,16,5,1.6666666666666667,3.3333333333333335,19,5,1.6666666666666667,3.3333333333333335,25,0,4.333333333333333
54,1.0,optimal,12,5,1.3333333333333333,3.6666666666666665,17,5,1.3333333333333333,3.6666666666666665,23,0,3.0
55,1.0,optimal,17,5,1.3333333333333333,3.6666666666666665,17,5,1.3333333333333333,3.6666666666666665,23,0,3.0
56,1.0,optimal,15,5,1.0,4.0,15,5,1.0,4.0,23,0,3.0
57,1.0,optimal,13,5,1.3333333333333333,3.6666666666666665,16,5,1.3333333333333333,3.6666666666666665,22,0,3.0
58,1.0,optimal,12,5,1.3333333333333333,3.6666666666666665,17,5,1.3333333333333333,3.6666666666666665,23,0,3.0
59,1.0,optimal,16,5,1.3333333333333333,3.6666666666666665,17,5,1.3333333333333333,3.6666666666666665,22,0,2.6666666666666665
60,1.0,optimal,16,5,1.6666666666666667,3.3333333333333335,17,5,1.6666666666666667,3.3333333333333335,23,0,3.3333333333333335
61,1.0,optimal,15,5,1.6666666666666667,3.3333333333333335,17,5,1.6666666666666667,3.3333333333333335,22,0,3.3333333333333335
62,1.0,optimal,16,5,1.6666666666666667,3.3333333333333335,18,5,1.6666666666666667,3.3333333333333335,25,0,3.6666666666666665
63,1.0,optimal,14,5,1.3333333333333333,3.6666666666666665,18,5,1.3333333333333333,3.6666666666666665,24,0,3.3333333333333335
64,1.0,optimal,13,5,1.3333333333333333,3.6666666666666665,16,5,1.3333333333333333,3.6666666666666665,23,0,3.0
65,1.0,optimal,16,5,1.3333333333333333,3.6666666666666665,17,5,1.3333333333333333,3.6666666666666665,24,0,3.3333333333333335
66,1.0,optimal,11,5,1.0,4.0,13,5,1.0,4.0,22,0,2.6666666666666665
67,1.0,optimal,13,5,1.3333333333333333,3.0,16,5,1.3333333333333333,3.0,22,0,2.6666666666666665
68,1.0,optimal,15,5,1.3333333333333333,3.6666666666666665,15,5,1.3333333333333333,3.6666666666666665,23,0,3.0
69,1.0,optimal,14,5,1.6666666666666667,3.3333333333333335,17,5,1.6666666666666667,3.3333333333333335,25,0,4.333333333333333
70,1.0,optimal,13,5,1.0,4.0,16,5,1.0,4.0,22,0,2.6666666666666665
71,1.0,optimal,17,5,1.6666666666666667,3.3333333333333335,18,5,1.6666666666666667,3.3333333333333335,22,0,3.0
72,1.0,optimal,13,5,1.0,4.0,13,5,1.0,4.0,24,0,3.3333333333333335
73,1.0,optimal,14,5,1.0,4.0,14,5,1.0,4.0,21,0,2.3333333333333335
74,1.0,optimal,16,5,1.6666666666666667,3.3333333333333335,18,5,1.6666666666666667,3.3333333333333335,24,0,3.3333333333333335
75,1.0,optimal,15,5,1.3333333333333333,3.6666666666666665,17,5,1.3333333333333333,3.6666666666666665,25,0,3.6666666666666665
76,1.0,optimal,17,5,1.6666666666666667,3.3333333333333335,18,5,1.6666666666666667,3.3333333333333335,23,0,3.3333333333333335
77,1.0,optimal,15,4,1.6666666666666667,2.6666666666666665,17,4,1.6666666666666667,2.6666666666666665,21,1,2.3333333333333335
78,1.0,optimal,13,5,1.0,3.6666666666666665,15,5,1.0,3.6666666666666665,21,0,2.6666666666666665
79,1.0,optimal,15,5,1.3333333333333333,3.6666666666666665,18,5,1.3333333333333333,3.6666666666666665,24,0,3.3333333333333335
80,1.0,optimal,16,5,1.3333333333333333,3.6666666666666665,18,5,1.3333333333333333,3.6666666666666665,23,0,3.0
81,1.0,optimal,14,5,1.3333333333333333,3.6666666666666665,15,5,1.3333333333333333,3.6666666666666665,22,0,3.0
82,1.0,optimal,15,5,1.0,4.0,17,5,1.0,4.0,21,0,2.6666666666666665
83,1.0,optimal,13,5,1.3333333333333333,3.6666666666666665,16,5,1.3333333333333333,3.6666666666666665,23,0,3.3333333333333335
84,1.0,optimal,15,5,1.3333333333333333,3.6666666666666665,17,5,1.3333333333333333,3.6666666666666665,22,1,2.6666666666666665
85,1.0,optimal,17,5,1.3333333333333333,3.6666666666666665,17,5,1.3333333333333333,3.6666666666666665,25,0,3.6666666666666665
86,1.0,optimal,17,5,1.3333333333333333,3.6666666666666665,17,5,1.3333333333333333,3.6666666666666665,23,0,3.0
87,1.0,optimal,15,5,0.6666666666666666,4.333333333333333,16,5,0.6666666666666666,4.333333333333333,20,0,2.0
88,1.0,optimal,15,5,1.3333333333333333,3.6666666666666665,15,5,1.3333333333333333,3.6666666666666665,24,0,3.3333333333333335
89,1.0,optimal,14,5,1.0,4.0,15,5,1.0,4.0,22,0,2.6666666666666665
90,1.0,optimal,13,5,0.6666666666666666,4.333333333333333,16,5,0.6666666666666666,4.333333333333333,20,1,2.0
91,1.0,optimal,14,5,1.3333333333333333,3.6666666666666665,17,5,1.3333333333333333,3.6666666666666665,23,0,3.3333333333333335
92,1.0,optimal,14,5,1.3333333333333333,3.6666666666666665,17,5,1.3333333333333333,3.6666666666666665,23,0,3.0
93,1.0,optimal,16,5,1.6666666666666667,3.3333333333333335,19,5,1.6666666666666667,3.3333333333333335,25,0,3.6666666666666665
94,1.0,optimal,14,5,1.3333333333333333,3.6666666666666665,17,5,1.3333333333333333,3.6666666666666665,22,0,2.6666666666666665
95,1.0,optimal,15,4,2.0,3.0,18,4,1.6666666666666667,3.3333333333333335,24,0,3.6666666666666665
96,1.0,optimal,17,5,1.3333333333333333,3.6666666666666665,18,5,1.3333333333333333,3.6666666666666665,23,0,3.0
97,1.0,optimal,11,5,1.0,4.0,14,5,1.0,4.0,22,0,2.6666666666666665
98,1.0,optimal,13,5,1.0,4.0,15,5,1.0,4.0,22,0,2.6666666666666665
99,1.0,optimal,14,5,1.0,4.0,14,5,1.0,4.0,22,0,2.6666666666666665
0,2.0,optimal,16,5,1.3333333333333333,3.6666666666666665,16,5,1.3333333333333333,3.6666666666666665,22,0,2.6666666666666665
1,2.0,optimal,13,5,1.3333333333333333,3.6666666666666665,18,5,1.3333333333333333,3.6666666666666665,23,1,3.0
2,2.0,optimal,12,5,0.6666666666666666,4.333333333333333,12,5,0.6666666666666666,4.333333333333333,20,0,2.0
3,2.0,optimal,16,5,1.6666666666666667,3.3333333333333335,17,5,1.6666666666666667,3.3333333333333335,24,0,3.6666666666666665
4,2.0,optimal,14,5,1.3333333333333333,3.6666666666666665,16,5,1.3333333333333333,3.6666666666666665,23,0,3.0
5,2.0,optimal,14,5,1.3333333333333333,3.6666666666666665,16,5,1.3333333333333333,3.6666666666666665,23,0,3.0
6,2.0,optimal,15,5,1.3333333333333333,3.6666666666666665,17,5,1.3333333333333333,3.6666666666666665,23,0,3.3333333333333335
7,2.0,optimal,16,5,1.3333333333333333,3.6666666666666665,17,5,1.3333333333333333,3.6666666666666665,24,0,3.6666666666666665
8,2.0,optimal,14,5,1.0,4.0,14,5,1.0,4.0,22,0,2.6666666666666665
9,2.0,optimal,15,5,1.3333333333333333,3.6666666666666665,15,5,1.3333333333333333,3.6666666666666665,23,0,3.0
10,2.0,optimal,14,5,1.0,4.0,16,5,1.0,4.0,22,0,2.6666666666666665
11,2.0,optimal,16,5,1.3333333333333333,3.3333333333333335,17,5,1.3333333333333333,3.3333333333333335,22,0,3.0
12,2.0,optimal,14,5,1.3333333333333333,3.6666666666666665,16,5,1.3333333333333333,3.6666666666666665,23,0,3.0
13,2.0,optimal,12,5,1.0,4.0,15,5,1.0,4.0,23,0,3.0
14,2.0,optimal,15,5,1.3333333333333333,3.6666666666666665,17,5,1.3333333333333333,3.6666666666666665,23,0,3.0
15,2.0,optimal,16,5,1.3333333333333333,3.6666666666666665,16,5,1.3333333333333333,3.6666666666666665,22,0,3.0
16,2.0,optimal,12,5,1.3333333333333333,3.6666666666666665,16,5,1.3333333333333333,3.6666666666666665,23,0,3.3333333333333335
17,2.0,optimal,12,5,1.0,4.0,15,5,1.0,4.0,21,1,2.3333333333333335
18,2.0,optimal,14,5,0.6666666666666666,4.333333333333333,14,5,0.6666666666666666,4.333333333333333,22,0,2.6666666666666665
19,2.0,optimal,12,5,1.3333333333333333,3.6666666666666665,14,5,1.3333333333333333,3.6666666666666665,22,0,3.3333333333333335
20,2.0,optimal,14,5,1.6666666666666667,3.3333333333333335,16,5,1.6666666666666667,3.3333333333333335,24,0,3.3333333333333335
21,2.0,optimal,16,5,1.3333333333333333,3.6666666666666665,16,5,1.3333333333333333,3.6666666666666665,24,0,3.3333333333333335
22,2.0,optimal,13,5,0.6666666666666666,4.333333333333333,14,5,0.6666666666666666,4.333333333333333,21,0,2.3333333333333335
23,2.0,optimal,14,5,1.3333333333333333,3.6666666666666665,15,5,1.3333333333333333,3.6666666666666665,22,0,2.6666666666666665
24,2.0,optimal,17,5,1.3333333333333333,3.6666666666666665,18,5,1.3333333333333333,3.6666666666666665,24,0,3.3333333333333335
25,2.0,optimal,13,5,1.0,4.0,15,5,1.0,4.0,21,0,2.6666666666666665
26,2.0,optimal,12,5,1.3333333333333333,3.6666666666666665,15,5,1.3333333333333333,3.6666666666666665,22,1,2.6666666666666665
27,2.0,optimal,13,5,1.3333333333333333,3.6666666666666665,14,5,1.3333333333333333,3.6666666666666665,24,0,3.6666666666666665
28,2.0,optimal,14,5,1.6666666666666667,3.3333333333333335,18,5,1.6666666666666667,3.3333333333333335,25,0,3.6666666666666665
29,2.0,optimal,12,5,1.0,4.0,16,5,1.0,4.0,21,0,2.3333333333333335
30,2.0,optimal,13,5,1.3333333333333333,3.6666666666666665,17,5,1.3333333333333333,3.6666666666666665,24,0,3.3333333333333335
31,2.0,optimal,16,5,1.6666666666666667,3.3333333333333335,17,5,1.6666666666666667,3.3333333333333335,26,0,4.0
32,2.0,optimal,12,5,1.3333333333333333,3.3333333333333335,16,5,1.3333333333333333,3.3333333333333335,22,0,3.3333333333333335
33,2.0,optimal,14,5,1.6666666666666667,3.3333333333333335,15,5,1.6666666666666667,3.3333333333333335,26,0,4.0
34,2.0,optimal,13,5,1.0,4.0,14,5,1.0,4.0,22,0,2.6666666666666665
35,2.0,optimal,14,5,1.3333333333333333,3.6666666666666665,16,5,1.3333333333333333,3.6666666666666665,25,0,3.6666666666666665
36,2.0,optimal,14,5,1.3333333333333333,3.6666666666666665,16,5,1.3333333333333333,3.6666666666666665,22,0,3.0
37,2.0,optimal,17,5,1.3333333333333333,3.6666666666666665,17,5,1.3333333333333333,3.6666666666666665,23,0,3.3333333333333335
38,2.0,optimal,16,5,1.3333333333333333,3.6666666666666665,17,5,1.3333333333333333,3.6666666666666665,25,0,3.6666666666666665
39,2.0,optimal,12,5,0.6666666666666666,4.333333333333333,14,5,0.6666666666666666,4.333333333333333,21,0,2.6666666666666665
40,2.0,optimal,16,5,1.3333333333333333,3.6666666666666665,17,5,1.3333333333333333,3.6666666666666665,23,0,3.0
41,2.0,optimal,16,5,1.3333333333333333,3.6666666666666665,17,5,1.3333333333333333,3.6666666666666665,24,0,3.3333333333333335
42,2.0,optimal,15,5,1.0,4.0,15,5,1.0,4.0,21,0,2.6666666666666665
43,2.0,optimal,12,5,1.0,4.0,15,5,1.0,4.0,22,0,2.6666666666666665
44,2.0,optimal,15,5,1.3333333333333333,3.6666666666666665,17,5,1.3333333333333333,3.6666666666666665,25,0,3.6666666666666665
45,2.0,optimal,14,5,1.3333333333333333,3.6666666666666665,16,5,1.3333333333333333,3.6666666666666665,24,0,3.3333333333333335
46,2.0,optimal,14,5,1.3333333333333333,3.6666666666666665,18,5,1.3333333333333333,3.6666666666666665,25,0,3.6666666666666665
47,2.0,optimal,16,5,1.3333333333333333,3.6666666666666665,17,5,1.3333333333333333,3.6666666666666665,24,0,3.3333333333333335
48,2.0,optimal,17,4,2.0,3.0,17,4,2.0,3.0,24,0,3.3333333333333335
49,2.0,optimal,15,5,1.6666666666666667,3.3333333333333335,16,5,1.6666666666666667,3.3333333333333335,24,0,3.3333333333333335
50,2.0,optimal,14,5,1.3333333333333333,3.6666666666666665,14,5,1.3333333333333333,3.6666666666666665,25,0,4.0
51,2.0,optimal,11,5,1.0,4.0,14,5,1.0,4.0,22,0,2.6666666666666665
52,2.0,optimal,14,5,1.0,4.0,15,5,1.0,4.0,22,0,3.3333333333333335
53,2.0,optimal,16,5,1.6666666666666667,3.3333333333333335,19,5,1.6666666666666667,3.3333333333333335,25,0,4.333333333333333
54,2.0,optimal,12,5,1.3333333333333333,3.6666666666666665,17,5,1.3333333333333333,3.6666666666666665,23,0,3.0
55,2.0,optimal,17,5,1.3333333333333333,3.6666666666666665,17,5,1.3333333333333333,3.6666666666666665,23,0,3.0
56,2.0,optimal,15,5,1.0,4.0,15,5,1.0,4.0,23,0,3.0
57,2.0,optimal,13,5,1.3333333333333333,3.6666666666666665,16,5,1.3333333333333333,3.6666666666666665,22,0,3.0
58,2.0,optimal,12,5,1.3333333333333333,3.6666666666666665,17,5,1.3333333333333333,3.6666666666666665,23,0,3.0
59,2.0,optimal,16,5,1.3333333333333333,3.6666666666666665,17,5,1.3333333333333333,3.6666666666666665,22,0,2.6666666666666665
60,2.0,optimal,16,5,1.6666666666666667,3.3333333333333335,17,5,1.6666666666666667,3.3333333333333335,23,0,3.3333333333333335
61,2.0,optimal,15,5,1.6666666666666667,3.3333333333333335,17,5,1.6666666666666667,3.3333333333333335,22,0,3.3333333333333335
62,2.0,optimal,16,5,1.6666666666666667,3.3333333333333335,18,5,1.6666666666666667,3.3333333333333335,25,0,3.6666666666666665
63,2.0,optimal,14,5,1.3333333333333333,3.6666666666666665,18,5,1.3333333333333333,3.6666666666666665,24,0,3.3333333333333335
64,2.0,optimal,13,5,1.3333333333333333,3.6666666666666665,16,5,1.3333333333333333,3.6666666666666665,23,0,3.0
65,2.0,optimal,16,5,1.3333333333333333,3.6666666666666665,17,5,1.3333333333333333,3.6666666666666665,24,0,3.3333333333333335
66,2.0,optimal,11,5,1.0,4.0,13,5,1.0,4.0,22,0,2.6666666666666665
67,2.0,optimal,13,5,1.3333333333333333,3.0,16,5,1.3333333333333333,3.0,22,0,2.6666666666666665
68,2.0,optimal,15,5,1.3333333333333333,3.6666666666666665,15,5,1.3333333333333333,3.6666666666666665,23,0,3.0
69,2.0,optimal,14,5,1.6666666666666667,3.3333333333333335,17,5,1.6666666666666667,3.3333333333333335,25,0,4.333333333333333
70,2.0,optimal,13,5,1.0,4.0,16,5,1.0,4.0,22,0,2.6666666666666665
71,2.0,optimal,17,5,1.6666666666666667,3.3333333333333335,18,5,1.6666666666666667,3.3333333333333335,22,0,3.0
72,2.0,optimal,13,5,1.0,4.0,13,5,1.0,4.0,24,0,3.3333333333333335
73,2.0,optimal,14,5,1.0,4.0,14,5,1.0,4.0,21,0,2.3333333333333335
74,2.0,optimal,16,5,1.6666666666666667,3.3333333333333335,18,5,1.6666666666666667,3.3333333333333335,24,0,3.3333333333333335
75,2.0,optimal,15,5,1.3333333333333333,3.6666666666666665,17,5,1.3333333333333333,3.6666666666666665,25,0,3.6666666666666665
76,2.0,optimal,17,5,1.6666666666666667,3.3333333333333335,18,5,1.6666666666666667,3.3333333333333335,23,0,3.3333333333333335
77,2.0,optimal,15,4,1.6666666666666667,2.6666666666666665,17,4,1.6666666666666667,2.6666666666666665,21,1,2.3333333333333335
78,2.0,optimal,13,5,1.0,3.6666666666666665,15,5,1.0,3.6666666666666665,21,0,2.6666666666666665
79,2.0,optimal,15,5,1.3333333333333333,3.6666666666666665,18,5,1.3333333333333333,3.6666666666666665,24,0,3.3333333333333335
80,2.0,optimal,16,5,1.3333333333333333,3.6666666666666665,18,5,1.3333333333333333,3.6666666666666665,23,0,3.0
81,2.0,optimal,14,5,1.3333333333333333,3.6666666666666665,15,5,1.3333333333333333,3.6666666666666665,22,0,3.0
82,2.0,optimal,15,5,1.0,4.0,17,5,1.0,4.0,21,0,2.6666666666666665
83,2.0,optimal,13,5,1.3333333333333333,3.6666666666666665,16,5,1.3333333333333333,3.6666666666666665,23,0,3.3333333333333335
84,2.0,optimal,15,5,1.3333333333333333,3.6666666666666665,17,5,1.3333333333333333,3.6666666666666665,22,1,2.6666666666666665
85,2.0,optimal,17,5,1.3333333333333333,3.6666666666666665,17,5,1.3333333333333333,3.6666666666666665,25,0,3.6666666666666665
86,2.0,optimal,17,5,1.3333333333333333,3.6666666666666665,17,5,1.3333333333333333,3.6666666666666665,23,0,3.0
87,2.0,optimal,15,5,0.6666666666666666,4.333333333333333,16,5,0.6666666666666666,4.333333333333333,20,0,2.0
88,2.0,optimal,15,5,1.3333333333333333,3.6666666666666665,15,5,1.3333333333333333,3.6666666666666665,24,0,3.3333333333333335
89,2.0,optimal,14,5,1.0,4.0,15,5,1.0,4.0,22,0,2.6666666666666665
90,2.0,optimal,13,5,0.6666666666666666,4.333333333333333,16,5,0.6666666666666666,4.333333333333333,20,1,2.0
91,2.0,optimal,14,5,1.3333333333333333,3.6666666666666665,17,5,1.3333333333333333,3.6666666666666665,23,0,3.3333333333333335
92,2.0,optimal,14,5,1.3333333333333333,3.6666666666666665,17,5,1.3333333333333333,3.6666666666666665,23,0,3.0
93,2.0,optimal,16,5,1.6666666666666667,3.3333333333333335,19,5,1.6666666666666667,3.3333333333333335,25,0,3.6666666666666665
94,2.0,optimal,14,5,1.3333333333333333,3.6666666666666665,17,5,1.3333333333333333,3.6666666666666665,22,0,2.6666666666666665
95,2.0,optimal,15,4,2.0,3.0,18,4,1.6666666666666667,3.3333333333333335,24,0,3.6666666666666665
96,2.0,optimal,17,5,1.3333333333333333,3.6666666666666665,18,5,1.3333333333333333,3.6666666666666665,23,0,3.0
97,2.0,optimal,11,5,1.0,4.0,14,5,1.0,4.0,22,0,2.6666666666666665
98,2.0,optimal,13,5,1.0,4.0,15,5,1.0,4.0,22,0,2.6666666666666665
99,2.0,optimal,14,5,1.0,4.0,14,5,1.0,4.0,22,0,2.6666666666666665
