seed,num_resources,status,qty_assignments,qty_assignment_value,qty_highest_priority,qty_secondary_priority,qual_assignments,qual_assignment_value,qual_highest_priority,qual_secondary_priority,w_assignments,w_assignment_value,w_highest_priority,w_secondary_priority,qty_time,qual_time,w_time
0,4,optimal,4,6,4,0.0,4,6,4,0.0,4,14,0,2.0,0.0009975433349609375,0.000997304916381836,0.0
1,4,optimal,4,7,4,0.0,4,8,4,0.0,4,13,1,1.6666666666666667,0.0010342597961425781,0.0013141632080078125,0.0009996891021728516
2,4,optimal,4,6,3,0.3333333333333333,4,6,3,0.3333333333333333,4,11,0,1.3333333333333333,0.0,0.0030045509338378906,0.0010044574737548828
3,4,optimal,4,8,4,0.0,4,8,4,0.0,4,16,0,2.6666666666666665,0.0009953975677490234,0.000997781753540039,0.0
4,4,optimal,4,6,4,0.0,4,6,4,0.0,4,13,0,1.6666666666666667,0.0,0.00618290901184082,0.0
5,4,optimal,4,5,4,0.0,4,5,4,0.0,4,14,0,2.0,0.0,0.0,0.0
6,4,optimal,4,5,4,0.0,4,6,4,0.0,4,14,0,2.3333333333333335,0.0010006427764892578,0.0,0.0
7,4,optimal,4,7,4,0.0,4,7,4,0.0,4,15,0,2.6666666666666665,0.0,0.0009996891021728516,0.0
8,4,optimal,4,5,4,0.0,4,5,4,0.0,4,13,0,1.6666666666666667,0.0034606456756591797,0.0015926361083984375,0.0009949207305908203
9,4,optimal,4,6,4,0.0,4,6,4,0.0,4,14,0,2.0,0.0,0.0,0.0
10,4,optimal,4,8,4,0.0,4,8,4,0.0,4,12,0,1.3333333333333333,0.0010001659393310547,0.0,0.0
11,4,optimal,4,7,4,0.0,4,7,4,0.0,4,14,0,2.0,0.0029609203338623047,0.0009970664978027344,0.0
12,4,optimal,4,6,4,0.0,4,7,4,0.0,4,14,0,2.0,0.001003265380859375,0.0009975433349609375,0.0
13,4,optimal,4,6,4,0.0,4,8,4,0.0,4,13,0,2.0,0.0009992122650146484,0.0009970664978027344,0.0
14,4,optimal,4,4,4,0.0,4,7,4,0.0,4,13,0,1.6666666666666667,0.0009999275207519531,0.009041070938110352,0.001367330551147461
15,4,optimal,4,6,4,0.0,4,7,4,0.0,4,12,0,2.0,0.0,0.0010001659393310547,0.0009989738464355469
16,4,optimal,4,7,3,0.6666666666666666,4,8,3,0.6666666666666666,4,13,0,2.3333333333333335,0.0010039806365966797,0.0,0.0
17,4,optimal,4,5,4,0.0,4,6,4,0.0,4,13,0,1.6666666666666667,0.0009999275207519531,0.0,0.0
18,4,optimal,4,9,3,0.3333333333333333,4,9,3,0.3333333333333333,4,13,0,1.6666666666666667,0.000997781753540039,0.0,0.0
19,4,optimal,4,6,4,0.0,4,7,4,0.0,4,13,0,1.6666666666666667,0.0010035037994384766,0.0,0.0
20,4,optimal,4,6,4,0.0,4,7,4,0.0,4,14,0,2.0,0.0,0.0010001659393310547,0.0
21,4,optimal,4,6,4,0.0,4,7,4,0.0,4,15,0,2.3333333333333335,0.0,0.0,0.0009999275207519531
22,4,optimal,4,7,3,0.3333333333333333,4,9,3,0.3333333333333333,4,12,0,1.3333333333333333,0.0,0.007325172424316406,0.0
23,4,optimal,4,6,4,0.0,4,6,4,0.0,4,13,0,1.6666666666666667,0.0,0.0,0.0
24,4,optimal,4,8,4,0.0,4,8,4,0.0,4,15,0,2.3333333333333335,0.0011010169982910156,0.0010156631469726562,0.0
25,4,optimal,4,6,4,0.0,4,7,4,0.0,4,12,0,1.6666666666666667,0.0,0.0010023117065429688,0.0
26,4,optimal,4,5,4,0.0,4,5,4,0.0,4,13,0,1.6666666666666667,0.0010027885437011719,0.0009918212890625,0.0
27,4,optimal,4,8,4,0.0,4,8,4,0.0,4,14,0,2.3333333333333335,0.0009996891021728516,0.0,0.0
28,4,optimal,4,4,4,0.0,4,7,4,0.0,4,15,0,2.6666666666666665,0.0009999275207519531,0.0009996891021728516,0.0
29,4,optimal,4,7,3,0.6666666666666666,4,9,3,0.6666666666666666,4,12,0,1.6666666666666667,0.0009996891021728516,0.0,0.0
30,4,optimal,4,8,3,0.6666666666666666,4,9,3,0.6666666666666666,4,13,0,2.3333333333333335,0.0,0.0009963512420654297,0.0
31,4,optimal,4,7,4,0.0,4,7,4,0.0,4,15,0,3.0,0.0,0.0010123252868652344,0.0
32,4,optimal,4,5,4,0.0,4,7,4,0.0,4,12,0,2.3333333333333335,0.0,0.0030007362365722656,0.0
33,4,optimal,4,4,4,0.0,4,4,4,0.0,4,16,0,2.6666666666666665,0.0010001659393310547,0.0009999275207519531,0.0
34,4,optimal,4,5,4,0.0,4,7,4,0.0,4,13,0,1.6666666666666667,0.0,0.0009953975677490234,0.0010008811950683594
35,4,optimal,4,5,4,0.0,4,6,4,0.0,4,15,0,2.3333333333333335,0.0010008811950683594,0.0,0.0
36,4,optimal,4,7,4,0.0,4,7,4,0.0,4,13,0,2.0,0.001001596450805664,0.000989675521850586,0.0009999275207519531
37,4,optimal,4,7,4,0.0,4,7,4,0.0,4,13,0,1.6666666666666667,0.0,0.0,0.0009980201721191406
38,4,optimal,4,6,4,0.0,4,7,4,0.0,4,15,0,2.6666666666666665,0.0,0.004003286361694336,0.0009951591491699219
39,4,optimal,4,8,3,0.3333333333333333,4,8,3,0.3333333333333333,4,12,0,1.6666666666666667,0.0010004043579101562,0.0009996891021728516,0.0009999275207519531
40,4,optimal,4,7,4,0.0,4,8,4,0.0,4,14,0,2.0,0.0010037422180175781,0.0010001659393310547,0.0
41,4,optimal,4,6,4,0.0,4,7,4,0.0,4,14,0,2.3333333333333335,0.0009999275207519531,0.0030078887939453125,0.0
42,4,optimal,4,5,4,0.0,4,6,4,0.0,4,12,0,1.3333333333333333,0.0009853839874267578,0.0010080337524414062,0.0
43,4,optimal,4,5,4,0.0,4,6,4,0.0,4,13,0,1.6666666666666667,0.0,0.0009982585906982422,0.0010001659393310547
44,4,optimal,4,5,4,0.0,4,7,4,0.0,4,14,0,2.3333333333333335,0.0,0.000997304916381836,0.0010132789611816406
45,4,optimal,4,6,4,0.0,4,7,4,0.0,4,14,0,2.0,0.0009963512420654297,0.002997159957885742,0.0
46,4,optimal,4,5,4,0.0,4,7,4,0.0,4,15,0,2.3333333333333335,0.0,0.0020003318786621094,0.0007839202880859375
47,4,optimal,4,5,4,0.0,4,7,4,0.0,4,14,0,2.0,0.0009999275207519531,0.0019958019256591797,0.0
48,4,optimal,4,6,4,0.0,4,7,4,0.0,4,14,0,2.0,0.0,0.0009980201721191406,0.0010478496551513672
49,4,optimal,4,7,4,0.0,4,8,4,0.0,4,15,0,2.6666666666666665,0.0010006427764892578,0.0010006427764892578,0.0
50,4,optimal,4,5,4,0.0,4,5,4,0.0,4,15,0,2.6666666666666665,0.0,0.0009992122650146484,0.0
51,4,optimal,4,6,4,0.0,4,6,4,0.0,4,12,0,1.6666666666666667,0.0,0.0010039806365966797,0.0009999275207519531
52,4,optimal,4,6,4,0.0,4,6,4,0.0,4,13,0,2.0,0.0,0.0009963512420654297,0.0010027885437011719
53,4,optimal,4,8,4,0.0,4,8,4,0.0,4,16,0,3.0,0.0009982585906982422,0.0,0.0
54,4,optimal,4,5,4,0.0,4,8,4,0.0,4,14,0,2.0,0.000993967056274414,0.0029761791229248047,0.0
55,4,optimal,4,7,4,0.0,4,7,4,0.0,4,13,0,2.0,0.0009999275207519531,0.0,0.0
56,4,optimal,4,6,4,0.0,4,6,4,0.0,4,12,0,1.6666666666666667,0.0009953975677490234,0.0,0.0
57,4,optimal,4,6,4,0.0,4,8,4,0.0,4,13,0,1.6666666666666667,0.0013136863708496094,0.0014336109161376953,0.0010464191436767578
58,4,optimal,4,6,4,0.0,4,6,4,0.0,4,13,0,1.6666666666666667,0.0009953975677490234,0.0,0.0
59,4,optimal,4,5,4,0.0,4,8,4,0.0,4,13,0,1.6666666666666667,0.0009999275207519531,0.0031762123107910156,0.0014796257019042969
60,4,optimal,4,7,4,0.0,4,8,4,0.0,4,14,0,2.0,0.0,0.0009937286376953125,0.0009958744049072266
61,4,optimal,4,8,4,0.0,4,8,4,0.0,4,14,0,2.3333333333333335,0.0,0.0009970664978027344,0.0
62,4,optimal,4,7,4,0.0,4,7,4,0.0,4,16,0,2.6666666666666665,0.0009925365447998047,0.001127481460571289,0.0
63,4,optimal,4,7,4,0.0,4,7,4,0.0,4,14,0,2.3333333333333335,0.0009987354278564453,0.0009949207305908203,0.0
64,4,optimal,4,5,4,0.0,4,6,4,0.0,4,15,0,2.3333333333333335,0.0009932518005371094,0.0,0.0
65,4,optimal,4,6,4,0.0,4,7,4,0.0,4,14,0,2.0,0.0009996891021728516,0.0030040740966796875,0.0
66,4,optimal,4,5,3,0.3333333333333333,4,7,3,0.3333333333333333,4,12,0,1.3333333333333333,0.0,0.0009980201721191406,0.0
67,4,optimal,4,7,4,0.0,4,7,4,0.0,4,13,0,2.0,0.0,0.0009975433349609375,0.0010004043579101562
68,4,optimal,4,8,4,0.0,4,8,4,0.0,4,14,0,2.0,0.0,0.0,0.0
69,4,optimal,4,5,4,0.0,4,5,4,0.0,4,15,0,3.0,0.0,0.0,0.0009963512420654297
70,4,optimal,4,6,4,0.0,4,7,4,0.0,4,13,0,1.6666666666666667,0.0009999275207519531,0.0,0.0
71,4,optimal,4,6,4,0.0,4,7,4,0.0,4,14,1,2.0,0.0,0.0,0.0010001659393310547
72,4,optimal,4,8,3,0.6666666666666666,4,8,3,0.6666666666666666,4,15,0,2.3333333333333335,0.0,0.00099945068359375,0.0
73,4,optimal,4,7,4,0.0,4,7,4,0.0,4,12,0,1.6666666666666667,0.0,0.0010035037994384766,0.0010001659393310547
74,4,optimal,4,7,4,0.0,4,8,4,0.0,4,14,0,2.0,0.0010013580322265625,0.0009970664978027344,0.0
75,4,optimal,4,4,4,0.0,4,6,4,0.0,4,15,0,2.3333333333333335,0.0009987354278564453,0.0020017623901367188,0.0009996891021728516
76,4,optimal,4,6,4,0.0,4,7,4,0.0,4,15,0,2.6666666666666665,0.0,0.0,0.0
77,4,optimal,4,8,3,0.3333333333333333,4,9,3,0.3333333333333333,4,13,0,1.6666666666666667,0.0,0.0,0.0009989738464355469
78,4,optimal,4,5,4,0.0,4,5,4,0.0,4,12,0,1.6666666666666667,0.0,0.0009961128234863281,0.0010001659393310547
79,4,optimal,4,6,4,0.0,4,7,4,0.0,4,15,0,2.3333333333333335,0.0010030269622802734,0.001997232437133789,0.0009987354278564453
80,4,optimal,4,6,4,0.0,4,7,4,0.0,4,13,0,2.0,0.0,0.0009999275207519531,0.0
81,4,optimal,4,5,4,0.0,4,6,4,0.0,4,13,0,1.6666666666666667,0.0009999275207519531,0.0,0.0009949207305908203
82,4,optimal,4,7,4,0.0,4,7,4,0.0,4,13,0,1.6666666666666667,0.0010037422180175781,0.001982450485229492,0.0010204315185546875
83,4,optimal,4,7,4,0.0,4,8,4,0.0,4,14,0,2.3333333333333335,0.0010013580322265625,0.0,0.0
84,4,optimal,4,7,4,0.0,4,8,4,0.0,4,12,1,1.3333333333333333,0.0009963512420654297,0.0010001659393310547,0.0
85,4,optimal,4,7,4,0.0,4,8,4,0.0,4,15,0,2.3333333333333335,0.0,0.0030045509338378906,0.0
86,4,optimal,4,6,4,0.0,4,6,4,0.0,4,13,0,2.0,0.0,0.0,0.0
87,4,optimal,4,5,4,0.0,4,8,4,0.0,4,12,0,1.3333333333333333,0.0,0.003001689910888672,0.0010972023010253906
88,4,optimal,4,7,4,0.0,4,8,4,0.0,4,14,0,2.3333333333333335,0.0,0.0009982585906982422,0.0
89,4,optimal,4,6,4,0.0,4,6,4,0.0,4,13,0,1.6666666666666667,0.0010323524475097656,0.0029997825622558594,0.0
90,4,optimal,4,7,4,0.0,4,8,4,0.0,4,12,0,1.3333333333333333,0.0010421276092529297,0.0009996891021728516,0.0009992122650146484
91,4,optimal,4,5,4,0.0,4,8,4,0.0,4,14,0,2.3333333333333335,0.0009992122650146484,0.002002239227294922,0.0009963512420654297
92,4,optimal,4,6,4,0.0,4,6,4,0.0,4,14,0,2.0,0.0,0.0009984970092773438,0.0
93,4,optimal,4,7,4,0.0,4,8,4,0.0,4,15,0,2.3333333333333335,0.0009999275207519531,0.0009839534759521484,0.0
94,4,optimal,4,7,4,0.0,4,8,4,0.0,4,13,0,1.6666666666666667,0.0009925365447998047,0.0019953250885009766,0.0
95,4,optimal,4,4,4,0.0,4,7,4,0.0,4,13,0,2.0,0.0,0.0005118846893310547,0.0009963512420654297
96,4,optimal,4,9,3,0.3333333333333333,4,9,3,0.3333333333333333,4,13,0,2.0,0.0,0.0009989738464355469,0.0
97,4,optimal,4,4,4,0.0,4,4,4,0.0,4,13,0,1.6666666666666667,0.0009992122650146484,0.0010120868682861328,0.0
98,4,optimal,4,5,4,0.0,4,7,4,0.0,4,13,0,1.6666666666666667,0.0,0.0,0.0
99,4,optimal,4,6,3,0.3333333333333333,4,7,3,0.3333333333333333,4,13,0,1.6666666666666667,0.0,0.0,0.0
0,7,optimal,7,16,5,1.3333333333333333,7,16,5,1.3333333333333333,7,22,0,2.6666666666666665,0.0039942264556884766,0.00400233268737793,0.0010001659393310547
1,7,optimal,7,13,5,1.3333333333333333,7,18,5,1.3333333333333333,7,23,1,3.0,0.0029785633087158203,0.0010411739349365234,0.0010349750518798828
2,7,optimal,7,12,5,0.6666666666666666,7,12,5,0.6666666666666666,7,20,0,2.0,0.0009946823120117188,0.004010200500488281,0.0009975433349609375
3,7,optimal,7,16,5,1.6666666666666667,7,17,5,1.6666666666666667,7,24,0,3.6666666666666665,0.003999233245849609,0.003003835678100586,0.0005128383636474609
4,7,optimal,7,14,5,1.3333333333333333,7,16,5,1.3333333333333333,7,23,0,3.0,0.0033762454986572266,0.004640817642211914,0.0034313201904296875
5,7,optimal,7,14,5,1.3333333333333333,7,16,5,1.3333333333333333,7,23,0,3.0,0.0029990673065185547,0.003996610641479492,0.0030066967010498047
6,7,optimal,7,15,5,1.3333333333333333,7,17,5,1.3333333333333333,7,23,0,3.3333333333333335,0.0030088424682617188,0.002001523971557617,0.0
7,7,optimal,7,16,5,1.3333333333333333,7,17,5,1.3333333333333333,7,24,0,3.6666666666666665,0.003998517990112305,0.0022592544555664062,0.0
8,7,optimal,7,14,5,1.0,7,14,5,1.0,7,22,0,2.6666666666666665,0.002991199493408203,0.0020134449005126953,0.0009965896606445312
9,7,optimal,7,15,5,1.3333333333333333,7,15,5,1.3333333333333333,7,23,0,3.0,0.0029926300048828125,0.0030062198638916016,0.0009953975677490234
10,7,optimal,7,14,5,1.0,7,16,5,1.0,7,22,0,2.6666666666666665,0.002524852752685547,0.003194570541381836,0.0013113021850585938
11,7,optimal,7,16,5,1.3333333333333333,7,17,5,1.3333333333333333,7,22,0,3.0,0.0040247440338134766,0.003038167953491211,0.0014986991882324219
12,7,optimal,7,14,5,1.3333333333333333,7,16,5,1.3333333333333333,7,23,0,3.0,0.003865480422973633,0.005312204360961914,0.0009970664978027344
13,7,optimal,7,12,5,1.0,7,15,5,1.0,7,23,0,3.0,0.003000497817993164,0.002000093460083008,0.0
14,7,optimal,7,15,5,1.3333333333333333,7,17,5,1.3333333333333333,7,23,0,3.0,0.0030019283294677734,0.0030531883239746094,0.0030088424682617188
15,7,optimal,7,16,5,1.3333333333333333,7,16,5,1.3333333333333333,7,22,0,3.0,0.003008604049682617,0.003283262252807617,0.0
16,7,optimal,7,12,5,1.3333333333333333,7,16,5,1.3333333333333333,7,23,0,3.3333333333333335,0.0032854080200195312,0.0029888153076171875,0.007277488708496094
17,7,optimal,7,12,5,1.0,7,15,5,1.0,7,21,1,2.3333333333333335,0.003994464874267578,0.004011631011962891,0.001001596450805664
18,7,optimal,7,14,5,0.6666666666666666,7,14,5,0.6666666666666666,7,22,0,2.6666666666666665,0.0,0.000995635986328125,0.0009942054748535156
19,7,optimal,7,12,5,1.3333333333333333,7,15,5,1.0,7,22,0,3.3333333333333335,0.0010027885437011719,0.0030035972595214844,0.0009968280792236328
20,7,optimal,7,14,5,1.6666666666666667,7,16,5,1.6666666666666667,7,24,0,3.3333333333333335,0.003999471664428711,0.004138946533203125,0.002996206283569336
21,7,optimal,7,16,5,1.3333333333333333,7,16,5,1.3333333333333333,7,24,0,3.3333333333333335,0.0036842823028564453,0.004513978958129883,0.000997304916381836
22,7,optimal,7,13,5,0.6666666666666666,7,14,5,0.6666666666666666,7,21,0,2.3333333333333335,0.004026889801025391,0.004034996032714844,0.001088857650756836
23,7,optimal,7,14,5,1.3333333333333333,7,16,5,1.0,7,22,0,2.6666666666666665,0.004287004470825195,0.004279613494873047,0.0010116100311279297
24,7,optimal,7,17,5,1.3333333333333333,7,18,5,1.3333333333333333,7,24,0,3.3333333333333335,0.00420832633972168,0.0030205249786376953,0.0
25,7,optimal,7,13,5,1.0,7,15,5,1.0,7,21,0,2.6666666666666665,0.004103660583496094,0.0035643577575683594,0.001016855239868164
26,7,optimal,7,12,5,1.3333333333333333,7,15,5,1.3333333333333333,7,22,1,2.6666666666666665,0.003993511199951172,0.004227638244628906,0.0009982585906982422
27,7,optimal,7,13,5,1.3333333333333333,7,15,5,1.0,7,24,0,3.6666666666666665,0.003001689910888672,0.003004312515258789,0.0010464191436767578
28,7,optimal,7,14,5,1.6666666666666667,7,18,5,1.6666666666666667,7,25,0,3.6666666666666665,0.003993988037109375,0.0030045509338378906,0.0012149810791015625
29,7,optimal,7,12,5,1.0,7,16,5,1.0,7,21,0,2.3333333333333335,0.003000020980834961,0.0040035247802734375,0.00099945068359375
30,7,optimal,7,13,5,1.3333333333333333,7,17,5,1.3333333333333333,7,24,0,3.3333333333333335,0.0029926300048828125,0.004025697708129883,0.0010344982147216797
31,7,optimal,7,16,5,1.6666666666666667,7,17,5,1.6666666666666667,7,26,0,4.0,0.0032486915588378906,0.0027358531951904297,0.0
32,7,optimal,7,12,5,1.3333333333333333,7,16,5,1.3333333333333333,7,22,0,3.3333333333333335,0.0033330917358398438,0.0030062198638916016,0.000997781753540039
33,7,optimal,7,14,5,1.6666666666666667,7,15,5,1.6666666666666667,7,26,0,4.0,0.004004955291748047,0.004982948303222656,0.003007173538208008
34,7,optimal,7,13,5,1.0,7,14,5,1.0,7,22,0,2.6666666666666665,0.0010001659393310547,0.0019958019256591797,0.0010004043579101562
35,7,optimal,7,14,5,1.3333333333333333,7,16,5,1.3333333333333333,7,25,0,3.6666666666666665,0.002978801727294922,0.0030393600463867188,0.0009999275207519531
36,7,optimal,7,14,5,1.3333333333333333,7,17,5,1.0,7,22,0,3.0,0.00397944450378418,0.005015373229980469,0.0009999275207519531
37,7,optimal,7,17,5,1.3333333333333333,7,17,5,1.3333333333333333,7,23,0,3.3333333333333335,0.0040018558502197266,0.0020034313201904297,0.0
38,7,optimal,7,16,5,1.3333333333333333,7,17,5,1.3333333333333333,7,25,0,3.6666666666666665,0.0029799938201904297,0.002995014190673828,0.0010097026824951172
39,7,optimal,7,12,5,0.6666666666666666,7,14,5,0.6666666666666666,7,21,0,2.6666666666666665,0.000997304916381836,0.0009996891021728516,0.0
40,7,optimal,7,16,5,1.3333333333333333,7,17,5,1.3333333333333333,7,23,0,3.0,0.0030002593994140625,0.004001140594482422,0.000997781753540039
41,7,optimal,7,16,5,1.3333333333333333,7,17,5,1.3333333333333333,7,24,0,3.3333333333333335,0.005628824234008789,0.007469892501831055,0.0011436939239501953
42,7,optimal,7,15,5,1.0,7,15,5,1.0,7,21,0,2.6666666666666665,0.001987934112548828,0.0040013790130615234,0.0010106563568115234
43,7,optimal,7,12,5,1.0,7,15,5,1.0,7,22,0,2.6666666666666665,0.005532503128051758,0.004000663757324219,0.00609588623046875
44,7,optimal,7,15,5,1.3333333333333333,7,17,5,1.3333333333333333,7,25,0,3.6666666666666665,0.006417512893676758,0.0074100494384765625,0.0013074874877929688
45,7,optimal,7,14,5,1.3333333333333333,7,16,5,1.3333333333333333,7,24,0,3.3333333333333335,0.0034677982330322266,0.004486083984375,0.0030057430267333984
46,7,optimal,7,14,5,1.3333333333333333,7,18,5,1.3333333333333333,7,25,0,3.6666666666666665,0.0030007362365722656,0.003000497817993164,0.000997781753540039
47,7,optimal,7,16,5,1.3333333333333333,7,17,5,1.3333333333333333,7,24,0,3.3333333333333335,0.003032207489013672,0.004384517669677734,0.0010197162628173828
48,7,optimal,7,17,4,2.0,7,18,4,1.6666666666666667,7,24,0,3.3333333333333335,0.005003929138183594,0.002002239227294922,0.0030031204223632812
49,7,optimal,7,15,5,1.6666666666666667,7,16,5,1.6666666666666667,7,24,0,3.3333333333333335,0.003990888595581055,0.0032193660736083984,0.0010004043579101562
50,7,optimal,7,14,5,1.3333333333333333,7,14,5,1.3333333333333333,7,25,0,4.0,0.004004240036010742,0.002511739730834961,0.0009996891021728516
51,7,optimal,7,11,5,1.0,7,14,5,1.0,7,22,0,2.6666666666666665,0.004003763198852539,0.003221750259399414,0.0009999275207519531
52,7,optimal,7,14,5,1.0,7,15,5,1.0,7,22,0,3.3333333333333335,0.003981590270996094,0.002000570297241211,0.0009982585906982422
53,7,optimal,7,16,5,1.6666666666666667,7,19,5,1.6666666666666667,7,25,0,4.333333333333333,0.004001617431640625,0.002002716064453125,0.0009796619415283203
54,7,optimal,7,12,5,1.3333333333333333,7,17,5,1.3333333333333333,7,23,0,3.0,0.003004312515258789,0.004016399383544922,0.0009953975677490234
55,7,optimal,7,17,5,1.3333333333333333,7,17,5,1.3333333333333333,7,23,0,3.0,0.0029795169830322266,0.0030410289764404297,0.0
56,7,optimal,7,15,5,1.0,7,15,5,1.0,7,23,0,3.0,0.0030002593994140625,0.003002166748046875,0.0019960403442382812
57,7,optimal,7,13,5,1.3333333333333333,7,16,5,1.3333333333333333,7,22,0,3.0,0.003206968307495117,0.0029828548431396484,0.0
58,7,optimal,7,12,5,1.3333333333333333,7,17,5,1.3333333333333333,7,23,0,3.0,0.00403904914855957,0.0030155181884765625,0.002250194549560547
59,7,optimal,7,16,5,1.3333333333333333,7,17,5,1.3333333333333333,7,22,0,2.6666666666666665,0.0029773712158203125,0.0021893978118896484,0.0030095577239990234
60,7,optimal,7,16,5,1.6666666666666667,7,17,5,1.6666666666666667,7,23,0,3.3333333333333335,0.004256248474121094,0.009192943572998047,0.0013866424560546875
61,7,optimal,7,15,5,1.6666666666666667,7,17,5,1.6666666666666667,7,22,0,3.3333333333333335,0.003999233245849609,0.004004240036010742,0.003552675247192383
62,7,optimal,7,16,5,1.6666666666666667,7,18,5,1.6666666666666667,7,25,0,3.6666666666666665,0.003996849060058594,0.0035452842712402344,0.002983570098876953
63,7,optimal,7,14,5,1.3333333333333333,7,18,5,1.3333333333333333,7,24,0,3.3333333333333335,0.0033032894134521484,0.003538846969604492,0.0035042762756347656
64,7,optimal,7,13,5,1.3333333333333333,7,16,5,1.3333333333333333,7,23,0,3.0,0.0030221939086914062,0.0020046234130859375,0.0009958744049072266
65,7,optimal,7,16,5,1.3333333333333333,7,17,5,1.3333333333333333,7,24,0,3.3333333333333335,0.0029993057250976562,0.003002643585205078,0.0
66,7,optimal,7,11,5,1.0,7,13,5,1.0,7,22,0,2.6666666666666665,0.0010175704956054688,0.0009992122650146484,0.0009989738464355469
67,7,optimal,7,13,5,1.3333333333333333,7,16,5,1.3333333333333333,7,22,0,2.6666666666666665,0.002996206283569336,0.0030241012573242188,0.0
68,7,optimal,7,15,5,1.3333333333333333,7,15,5,1.3333333333333333,7,23,0,3.0,0.0,0.004001140594482422,0.0033969879150390625
69,7,optimal,7,14,5,1.6666666666666667,7,17,5,1.6666666666666667,7,25,0,4.333333333333333,0.003287792205810547,0.0021305084228515625,0.003491640090942383
70,7,optimal,7,13,5,1.0,7,16,5,1.0,7,22,0,2.6666666666666665,0.00410771369934082,0.00436091423034668,0.0
71,7,optimal,7,17,5,1.6666666666666667,7,18,5,1.6666666666666667,7,22,0,3.0,0.0040035247802734375,0.004007816314697266,0.0
72,7,optimal,7,13,5,1.0,7,13,5,1.0,7,24,0,3.3333333333333335,0.003409862518310547,0.004119396209716797,0.000989675521850586
73,7,optimal,7,14,5,1.0,7,14,5,1.0,7,21,0,2.3333333333333335,0.004010438919067383,0.0050694942474365234,0.001115560531616211
74,7,optimal,7,16,5,1.6666666666666667,7,18,5,1.6666666666666667,7,24,0,3.3333333333333335,0.0029828548431396484,0.0029795169830322266,0.0
75,7,optimal,7,15,5,1.3333333333333333,7,17,5,1.3333333333333333,7,25,0,3.6666666666666665,0.0030553340911865234,0.0030031204223632812,0.0021631717681884766
76,7,optimal,7,17,5,1.6666666666666667,7,18,5,1.6666666666666667,7,23,0,3.3333333333333335,0.0029821395874023438,0.003003835678100586,0.0009949207305908203
77,7,optimal,7,15,4,1.6666666666666667,7,17,4,1.6666666666666667,7,21,1,2.3333333333333335,0.0,0.003132343292236328,0.0
78,7,optimal,7,13,5,1.0,7,15,5,1.0,7,21,0,2.6666666666666665,0.004008293151855469,0.002998828887939453,0.0
79,7,optimal,7,15,5,1.3333333333333333,7,18,5,1.3333333333333333,7,24,0,3.3333333333333335,0.0059986114501953125,0.003996610641479492,0.001001119613647461
80,7,optimal,7,16,5,1.3333333333333333,7,18,5,1.3333333333333333,7,23,0,3.0,0.004015207290649414,0.005364418029785156,0.0010144710540771484
81,7,optimal,7,14,5,1.3333333333333333,7,15,5,1.3333333333333333,7,22,0,3.0,0.0038003921508789062,0.004052877426147461,0.00401759147644043
82,7,optimal,7,15,5,1.0,7,17,5,1.0,7,21,0,2.6666666666666665,0.003004312515258789,0.004025936126708984,0.0009992122650146484
83,7,optimal,7,13,5,1.3333333333333333,7,16,5,1.3333333333333333,7,23,0,3.3333333333333335,0.003003358840942383,0.0038330554962158203,0.0014681816101074219
84,7,optimal,7,15,5,1.3333333333333333,7,17,5,1.3333333333333333,7,22,1,2.6666666666666665,0.0020008087158203125,0.0046503543853759766,0.0
85,7,optimal,7,17,5,1.3333333333333333,7,17,5,1.3333333333333333,7,25,0,3.6666666666666665,0.002989530563354492,0.0019953250885009766,0.0011587142944335938
86,7,optimal,7,17,5,1.3333333333333333,7,17,5,1.3333333333333333,7,23,0,3.0,0.0035669803619384766,0.004012346267700195,0.0005161762237548828
87,7,optimal,7,15,5,0.6666666666666666,7,16,5,0.6666666666666666,7,20,0,2.0,0.0026738643646240234,0.002378225326538086,0.001214742660522461
88,7,optimal,7,15,5,1.3333333333333333,7,15,5,1.3333333333333333,7,24,0,3.3333333333333335,0.003980398178100586,0.0039784908294677734,0.003000497817993164
89,7,optimal,7,14,5,1.0,7,15,5,1.0,7,22,0,2.6666666666666665,0.0031044483184814453,0.0025730133056640625,0.0011112689971923828
90,7,optimal,7,13,5,0.6666666666666666,7,16,5,0.6666666666666666,7,20,1,2.0,0.004004478454589844,0.004022121429443359,0.0009992122650146484
91,7,optimal,7,14,5,1.3333333333333333,7,17,5,1.3333333333333333,7,23,0,3.3333333333333335,0.0029761791229248047,0.003994464874267578,0.0
92,7,optimal,7,14,5,1.3333333333333333,7,17,5,1.3333333333333333,7,23,0,3.0,0.003000020980834961,0.003993988037109375,0.003000974655151367
93,7,optimal,7,16,5,1.6666666666666667,7,19,5,1.6666666666666667,7,25,0,3.6666666666666665,0.003987789154052734,0.0053577423095703125,0.0039212703704833984
94,7,optimal,7,14,5,1.3333333333333333,7,17,5,1.3333333333333333,7,22,0,2.6666666666666665,0.0036716461181640625,0.005440235137939453,0.0009961128234863281
95,7,optimal,7,15,4,2.0,7,18,4,1.6666666666666667,7,24,0,3.6666666666666665,0.003980159759521484,0.003609180450439453,0.0020270347595214844
96,7,optimal,7,17,5,1.3333333333333333,7,18,5,1.3333333333333333,7,23,0,3.0,0.00400543212890625,0.004614353179931641,0.004123687744140625
97,7,optimal,7,11,5,1.0,7,14,5,1.0,7,22,0,2.6666666666666665,0.0030035972595214844,0.0032312870025634766,0.0009999275207519531
98,7,optimal,7,13,5,1.0,7,15,5,1.0,7,22,0,2.6666666666666665,0.0029900074005126953,0.004544258117675781,0.0010116100311279297
99,7,optimal,7,14,5,1.0,7,14,5,1.0,7,22,0,2.6666666666666665,0.00433349609375,0.0030031204223632812,0.0009996891021728516
0,10,optimal,10,22,5,2.3333333333333335,10,26,5,2.3333333333333335,10,31,0,3.6666666666666665,0.002989053726196289,0.004010915756225586,0.0029947757720947266
1,10,optimal,10,24,5,2.6666666666666665,10,28,5,2.6666666666666665,10,32,0,4.0,0.0039784908294677734,0.003003835678100586,0.003456592559814453
2,10,optimal,10,19,5,1.6666666666666667,10,23,5,1.6666666666666667,10,29,0,3.0,0.004000663757324219,0.004036903381347656,0.003002166748046875
3,10,optimal,10,25,5,3.0,10,27,5,3.0,10,32,0,4.0,0.003981590270996094,0.003001689910888672,0.0030171871185302734
4,10,optimal,10,21,5,2.3333333333333335,10,26,5,2.3333333333333335,10,32,0,4.0,0.0030028820037841797,0.004002094268798828,0.0030374526977539062
5,10,optimal,10,20,5,2.3333333333333335,10,26,5,2.3333333333333335,10,32,0,4.0,0.003063201904296875,0.003985166549682617,0.002997875213623047
6,10,optimal,10,24,5,2.6666666666666665,10,27,5,2.6666666666666665,10,31,0,4.333333333333333,0.002980947494506836,0.004029035568237305,0.0030264854431152344
7,10,optimal,10,23,5,3.0,10,28,5,3.0,10,33,0,4.333333333333333,0.004001140594482422,0.005003690719604492,0.002037525177001953
8,10,optimal,10,20,5,2.0,10,26,5,2.0,10,31,0,3.6666666666666665,0.004056453704833984,0.003988742828369141,0.002027273178100586
9,10,optimal,10,21,5,2.3333333333333335,10,27,5,2.3333333333333335,10,32,0,4.0,0.0039844512939453125,0.0030214786529541016,0.003605365753173828
10,10,optimal,10,21,5,2.0,10,26,5,2.0,10,31,0,3.6666666666666665,0.004022836685180664,0.0030007362365722656,0.0030488967895507812
11,10,optimal,10,22,5,2.6666666666666665,10,26,5,2.3333333333333335,10,31,0,4.333333333333333,0.004385232925415039,0.003011941909790039,0.0009996891021728516
12,10,optimal,10,22,5,2.3333333333333335,10,27,5,2.3333333333333335,10,32,0,4.0,0.0029757022857666016,0.00412750244140625,0.002988576889038086
13,10,optimal,10,22,5,2.3333333333333335,10,27,5,2.3333333333333335,10,31,0,4.0,0.004006385803222656,0.002171754837036133,0.003015279769897461
14,10,optimal,10,23,5,2.3333333333333335,10,27,5,2.3333333333333335,10,32,0,4.0,0.003980398178100586,0.003997087478637695,0.002537250518798828
15,10,optimal,10,23,5,2.3333333333333335,10,26,5,2.3333333333333335,10,32,0,4.0,0.003429889678955078,0.0030281543731689453,0.004058837890625
16,10,optimal,10,21,5,2.6666666666666665,10,27,5,2.6666666666666665,10,31,0,4.333333333333333,0.004000425338745117,0.003018617630004883,0.0031299591064453125
17,10,optimal,10,21,5,2.0,10,26,5,2.0,10,30,1,3.3333333333333335,0.0039823055267333984,0.003998517990112305,0.003382444381713867
18,10,optimal,10,23,5,2.0,10,26,5,2.0,10,30,0,3.3333333333333335,0.003980875015258789,0.0030035972595214844,0.003121614456176758
19,10,optimal,10,21,5,2.6666666666666665,10,26,5,2.6666666666666665,10,32,0,4.333333333333333,0.00397801399230957,0.004994630813598633,0.0030295848846435547
20,10,optimal,10,21,5,2.6666666666666665,10,26,5,2.6666666666666665,10,33,0,4.333333333333333,0.003106355667114258,0.004001617431640625,0.0036966800689697266
21,10,optimal,10,24,5,2.6666666666666665,10,27,5,2.6666666666666665,10,33,0,4.333333333333333,0.003985166549682617,0.0039827823638916016,0.0030150413513183594
22,10,optimal,10,19,5,1.6666666666666667,10,23,5,1.6666666666666667,10,30,0,3.3333333333333335,0.0031261444091796875,0.0030012130737304688,0.003086090087890625
23,10,optimal,10,23,5,2.3333333333333335,10,26,5,2.3333333333333335,10,31,0,4.0,0.00400090217590332,0.004997730255126953,0.002017498016357422
24,10,optimal,10,24,5,2.6666666666666665,10,28,5,2.6666666666666665,10,33,0,4.333333333333333,0.002980947494506836,0.002982616424560547,0.0030045509338378906
25,10,optimal,10,19,5,2.0,10,25,5,2.0,10,30,0,3.3333333333333335,0.003981590270996094,0.0032825469970703125,0.003059864044189453
26,10,optimal,10,23,5,2.3333333333333335,10,26,5,2.3333333333333335,10,30,0,3.6666666666666665,0.004980325698852539,0.003004312515258789,0.0030050277709960938
27,10,optimal,10,23,5,3.0,10,27,5,3.0,10,33,0,4.666666666666667,0.0029828548431396484,0.0039823055267333984,0.003031015396118164
28,10,optimal,10,26,5,3.0,10,28,5,3.0,10,32,0,4.333333333333333,0.003983974456787109,0.0040166378021240234,0.003004312515258789
29,10,optimal,10,23,5,2.0,10,25,5,2.0,10,30,0,3.6666666666666665,0.003996610641479492,0.0030057430267333984,0.0030252933502197266
30,10,optimal,10,24,5,3.0,10,28,5,3.0,10,34,0,4.666666666666667,0.003983497619628906,0.004004716873168945,0.004018068313598633
31,10,optimal,10,29,5,3.6666666666666665,10,31,5,3.6666666666666665,10,35,0,5.0,0.003992319107055664,0.0030035972595214844,0.002023935317993164
32,10,optimal,10,26,5,2.6666666666666665,10,26,5,2.6666666666666665,10,32,0,4.333333333333333,0.0023796558380126953,0.0032470226287841797,0.0022826194763183594
33,10,optimal,10,22,5,3.3333333333333335,10,28,5,3.3333333333333335,10,34,1,4.666666666666667,0.002981424331665039,0.0042192935943603516,0.0020148754119873047
34,10,optimal,10,18,5,2.0,10,25,5,2.0,10,30,0,3.3333333333333335,0.002978086471557617,0.004155635833740234,0.0031745433807373047
35,10,optimal,10,25,5,3.0,10,27,5,3.0,10,34,0,4.666666666666667,0.0040323734283447266,0.0030906200408935547,0.004067897796630859
36,10,optimal,10,21,5,2.6666666666666665,10,27,5,2.6666666666666665,10,32,0,4.333333333333333,0.0039806365966796875,0.004068613052368164,0.004085063934326172
37,10,optimal,10,21,5,2.6666666666666665,10,27,5,2.6666666666666665,10,32,0,4.333333333333333,0.0039806365966796875,0.003986835479736328,0.003111124038696289
38,10,optimal,10,27,5,3.0,10,29,5,3.0,10,33,0,4.333333333333333,0.002979278564453125,0.0029811859130859375,0.00304412841796875
39,10,optimal,10,23,5,2.0,10,24,5,2.0,10,30,0,3.6666666666666665,0.0029795169830322266,0.003990888595581055,0.003011465072631836
40,10,optimal,10,23,5,2.3333333333333335,10,27,5,2.3333333333333335,10,32,0,4.0,0.00398707389831543,0.0030362606048583984,0.003000974655151367
41,10,optimal,10,23,5,2.6666666666666665,10,28,5,2.6666666666666665,10,33,0,4.333333333333333,0.0041849613189697266,0.0042264461517333984,0.0034155845642089844
42,10,optimal,10,22,5,2.0,10,24,5,2.0,10,30,0,3.6666666666666665,0.002000093460083008,0.003998279571533203,0.003984689712524414
43,10,optimal,10,22,5,2.0,10,25,5,2.0,10,31,0,3.6666666666666665,0.0031812191009521484,0.00439763069152832,0.0030019283294677734
44,10,optimal,10,22,5,3.0,10,27,5,3.0,10,33,0,4.333333333333333,0.0044708251953125,0.0030007362365722656,0.003000020980834961
45,10,optimal,10,22,5,2.6666666666666665,10,28,5,2.6666666666666665,10,32,0,4.333333333333333,0.004147768020629883,0.0030210018157958984,0.0030105113983154297
46,10,optimal,10,24,5,3.3333333333333335,10,30,5,3.3333333333333335,10,34,0,4.666666666666667,0.0039844512939453125,0.0039806365966796875,0.003173828125
47,10,optimal,10,21,5,2.6666666666666665,10,26,5,2.6666666666666665,10,32,1,4.0,0.0039958953857421875,0.0039920806884765625,0.0030090808868408203
48,10,optimal,10,23,5,2.6666666666666665,10,27,5,2.6666666666666665,10,33,0,4.333333333333333,0.004326581954956055,0.0021674633026123047,0.003480195999145508
49,10,optimal,10,25,5,3.0,10,27,5,3.0,10,33,0,4.333333333333333,0.004019260406494141,0.0030171871185302734,0.004219532012939453
50,10,optimal,10,24,5,3.3333333333333335,10,28,5,3.3333333333333335,10,33,0,4.666666666666667,0.003993034362792969,0.0034935474395751953,0.003981590270996094
51,10,optimal,10,21,5,2.0,10,25,5,2.0,10,31,0,3.6666666666666665,0.0034651756286621094,0.0023040771484375,0.0030069351196289062
52,10,optimal,10,22,5,2.6666666666666665,10,25,5,2.3333333333333335,10,31,0,4.0,0.00399017333984375,0.004392147064208984,0.0010077953338623047
53,10,optimal,10,25,5,3.6666666666666665,10,30,5,3.6666666666666665,10,34,1,5.0,0.003047943115234375,0.00397944450378418,0.003043651580810547
54,10,optimal,10,23,5,2.3333333333333335,10,27,5,2.3333333333333335,10,32,0,4.0,0.003983736038208008,0.004014253616333008,0.0030040740966796875
55,10,optimal,10,22,5,2.3333333333333335,10,27,5,2.3333333333333335,10,32,0,4.0,0.003950595855712891,0.0038535594940185547,0.0031054019927978516
56,10,optimal,10,22,5,2.3333333333333335,10,25,5,2.3333333333333335,10,32,0,4.0,0.0029850006103515625,0.002994537353515625,0.002238750457763672
57,10,optimal,10,22,5,2.3333333333333335,10,26,5,2.3333333333333335,10,31,1,3.6666666666666665,0.004002809524536133,0.003596782684326172,0.0035173892974853516
58,10,optimal,10,20,5,2.3333333333333335,10,27,5,2.3333333333333335,10,32,0,4.0,0.00397801399230957,0.0039958953857421875,0.002994060516357422
59,10,optimal,10,24,5,2.3333333333333335,10,27,5,2.3333333333333335,10,31,0,3.6666666666666665,0.0040378570556640625,0.002987384796142578,0.0030395984649658203
60,10,optimal,10,23,5,2.6666666666666665,10,27,5,2.6666666666666665,10,32,0,4.333333333333333,0.003823995590209961,0.003378152847290039,0.003231525421142578
61,10,optimal,10,24,5,2.6666666666666665,10,27,5,2.6666666666666665,10,31,1,4.0,0.003979921340942383,0.005148172378540039,0.0039827823638916016
62,10,optimal,10,27,5,3.0,10,29,5,3.0,10,34,0,4.666666666666667,0.003270864486694336,0.002280712127685547,0.0036025047302246094
63,10,optimal,10,23,5,2.6666666666666665,10,28,5,2.6666666666666665,10,33,0,4.333333333333333,0.0039904117584228516,0.0030159950256347656,0.0030164718627929688
64,10,optimal,10,22,5,3.0,10,26,5,3.0,10,31,0,4.666666666666667,0.004001617431640625,0.006165266036987305,0.004003286361694336
65,10,optimal,10,22,5,2.6666666666666665,10,28,5,2.6666666666666665,10,33,0,4.333333333333333,0.003978252410888672,0.004026651382446289,0.003995418548583984
66,10,optimal,10,19,5,2.0,10,25,5,2.0,10,31,0,3.6666666666666665,0.004000663757324219,0.004063129425048828,0.003195524215698242
67,10,optimal,10,21,5,2.6666666666666665,10,27,5,2.3333333333333335,10,31,1,3.6666666666666665,0.0039997100830078125,0.0046994686126708984,0.002003192901611328
68,10,optimal,10,22,5,2.3333333333333335,10,26,5,2.3333333333333335,10,32,0,4.0,0.002984285354614258,0.0029997825622558594,0.003001689910888672
69,10,optimal,10,23,5,3.6666666666666665,10,28,5,3.6666666666666665,10,34,0,4.666666666666667,0.004034519195556641,0.0039958953857421875,0.003021240234375
70,10,optimal,10,21,5,2.0,10,25,5,2.0,10,31,0,3.6666666666666665,0.0041387081146240234,0.0045239925384521484,0.0010120868682861328
71,10,optimal,10,23,5,3.0,10,28,5,3.0,10,32,0,4.333333333333333,0.003980875015258789,0.003017425537109375,0.003016233444213867
72,10,optimal,10,23,5,3.0,10,25,5,2.6666666666666665,10,33,0,4.333333333333333,0.003002643585205078,0.0049932003021240234,0.003999471664428711
73,10,optimal,10,20,5,2.0,10,24,5,2.0,10,31,0,3.6666666666666665,0.0034415721893310547,0.0039997100830078125,0.003027677536010742
74,10,optimal,10,23,5,2.6666666666666665,10,27,5,2.6666666666666665,10,32,0,4.0,0.003994464874267578,0.003009796142578125,0.002978086471557617
75,10,optimal,10,24,5,3.0,10,29,5,3.0,10,34,0,4.666666666666667,0.002998828887939453,0.004083156585693359,0.003002643585205078
76,10,optimal,10,26,5,3.0,10,28,5,3.0,10,32,0,4.333333333333333,0.0029993057250976562,0.003983259201049805,0.003179788589477539
77,10,optimal,10,21,5,2.3333333333333335,10,25,5,2.3333333333333335,10,30,0,3.3333333333333335,0.003984212875366211,0.004014730453491211,0.0034101009368896484
78,10,optimal,10,23,5,2.0,10,26,5,2.0,10,31,0,3.6666666666666665,0.002980470657348633,0.004036664962768555,0.0033109188079833984
79,10,optimal,10,23,5,2.6666666666666665,10,28,5,2.6666666666666665,10,32,0,4.0,0.004007577896118164,0.004119396209716797,0.004004478454589844
80,10,optimal,10,21,5,2.3333333333333335,10,27,5,2.3333333333333335,10,32,0,4.0,0.002989053726196289,0.004010200500488281,0.0029783248901367188
81,10,optimal,10,21,5,2.3333333333333335,10,25,5,2.3333333333333335,10,31,0,4.0,0.003985404968261719,0.0029900074005126953,0.003000497817993164
82,10,optimal,10,23,5,2.0,10,26,5,2.0,10,29,0,3.3333333333333335,0.003996610641479492,0.002991914749145508,0.0030646324157714844
83,10,optimal,10,24,5,2.6666666666666665,10,26,5,2.6666666666666665,10,31,1,4.0,0.002988576889038086,0.0032873153686523438,0.003000497817993164
84,10,optimal,10,23,5,2.3333333333333335,10,27,5,2.3333333333333335,10,31,1,3.6666666666666665,0.0040094852447509766,0.004017829895019531,0.003150463104248047
85,10,optimal,10,25,5,3.0,10,29,5,3.0,10,33,0,4.666666666666667,0.003998517990112305,0.004004240036010742,0.004128694534301758
86,10,optimal,10,22,5,2.3333333333333335,10,26,5,2.3333333333333335,10,31,0,3.6666666666666665,0.004000663757324219,0.003983974456787109,0.0029845237731933594
87,10,optimal,10,19,5,1.6666666666666667,10,25,5,1.6666666666666667,10,29,0,3.0,0.003980159759521484,0.0029916763305664062,0.0034379959106445312
88,10,optimal,10,24,5,2.6666666666666665,10,27,5,2.6666666666666665,10,33,0,4.333333333333333,0.0029997825622558594,0.004020214080810547,0.004042148590087891
89,10,optimal,10,23,5,2.0,10,26,5,2.0,10,31,0,3.6666666666666665,0.0035440921783447266,0.004032611846923828,0.0029833316802978516
90,10,optimal,10,18,5,1.6666666666666667,10,25,5,1.6666666666666667,10,29,0,3.3333333333333335,0.0040471553802490234,0.0036966800689697266,0.0031189918518066406
91,10,optimal,10,23,5,2.6666666666666665,10,28,5,2.6666666666666665,10,32,0,4.333333333333333,0.004007101058959961,0.0031156539916992188,0.0029993057250976562
92,10,optimal,10,22,5,2.3333333333333335,10,27,5,2.3333333333333335,10,32,0,4.0,0.003989219665527344,0.003983497619628906,0.0030264854431152344
93,10,optimal,10,24,5,3.0,10,29,5,3.0,10,32,1,4.333333333333333,0.003995180130004883,0.0029916763305664062,0.003007173538208008
94,10,optimal,10,24,5,2.6666666666666665,10,27,5,2.6666666666666665,10,31,1,4.0,0.0039730072021484375,0.003993034362792969,0.003017425537109375
95,10,optimal,10,22,5,3.0,10,28,5,3.0,10,33,1,4.333333333333333,0.0039806365966796875,0.0040318965911865234,0.003033876419067383
96,10,optimal,10,24,5,2.3333333333333335,10,27,5,2.3333333333333335,10,32,0,4.0,0.0040013790130615234,0.004010200500488281,0.002980947494506836
97,10,optimal,10,20,5,2.0,10,25,5,2.0,10,31,0,3.6666666666666665,0.0034880638122558594,0.003090381622314453,0.003001689910888672
98,10,optimal,10,21,5,2.0,10,25,5,2.0,10,31,0,3.6666666666666665,0.003994464874267578,0.0025413036346435547,0.002978801727294922
99,10,optimal,10,23,5,2.0,10,26,5,2.0,10,31,0,3.6666666666666665,0.003976345062255859,0.003061532974243164,0.0030126571655273438
