seed,network,status,qty_time,qual_time,w_time
0,ieee57,optimal,0.009212970733642578,0.0060918331146240234,0.0071201324462890625
1,ieee57,optimal,0.0010018348693847656,0.006007194519042969,0.005003452301025391
2,ieee57,optimal,0.002000093460083008,0.0062825679779052734,0.004375934600830078
3,ieee57,optimal,0.0010385513305664062,0.004996776580810547,0.004015684127807617
4,ieee57,optimal,0.0019998550415039062,0.005234956741333008,0.008502483367919922
5,ieee57,optimal,0.0019998550415039062,0.006539106369018555,0.004507780075073242
6,ieee57,optimal,0.002274036407470703,0.005999326705932617,0.005754709243774414
7,ieee57,optimal,0.002086639404296875,0.004003047943115234,0.003999948501586914
8,ieee57,optimal,0.002000093460083008,0.005036115646362305,0.004018306732177734
9,ieee57,optimal,0.0009984970092773438,0.005002498626708984,0.004004478454589844
10,ieee57,optimal,0.0020003318786621094,0.0040493011474609375,0.004016399383544922
11,ieee57,optimal,0.0019979476928710938,0.004068613052368164,0.0040187835693359375
12,ieee57,optimal,0.0025260448455810547,0.004315614700317383,0.0038909912109375
13,ieee57,optimal,0.001978158950805664,0.005956411361694336,0.004006385803222656
14,ieee57,optimal,0.0019991397857666016,0.0060045719146728516,0.009998083114624023
15,ieee57,optimal,0.0010025501251220703,0.004001140594482422,0.003999471664428711
16,ieee57,optimal,0.0009999275207519531,0.004990816116333008,0.0030040740966796875
17,ieee57,optimal,0.0020003318786621094,0.005002260208129883,0.004012107849121094
18,ieee57,optimal,0.0019998550415039062,0.005005836486816406,0.004000186920166016
19,ieee57,optimal,0.001999378204345703,0.004128217697143555,0.004002809524536133
20,ieee57,optimal,0.0020012855529785156,0.004998445510864258,0.004002094268798828
21,ieee57,optimal,0.0010001659393310547,0.004000663757324219,0.004448890686035156
22,ieee57,optimal,0.0010001659393310547,0.005001068115234375,0.004301309585571289
23,ieee57,optimal,0.0009958744049072266,0.004541158676147461,0.004200935363769531
24,ieee57,optimal,0.0010333061218261719,0.0039980411529541016,0.004362583160400391
25,ieee57,optimal,0.0010008811950683594,0.0050084590911865234,0.004038333892822266
26,ieee57,optimal,0.002057313919067383,0.007336139678955078,0.004481077194213867
27,ieee57,optimal,0.0015439987182617188,0.0060002803802490234,0.004046201705932617
28,ieee57,optimal,0.0019991397857666016,0.004003047943115234,0.004000663757324219
29,ieee57,optimal,0.002056598663330078,0.004583120346069336,0.00298309326171875
