seed,scarcity,F,T_v,qty_value,qual_value,w_value,qty_critical,qual_critical,w_critical,qty_vulnerable,qual_vulnerable,w_vulnerable,qty_assignments,qual_assignments,w_assignments,qual_slack,qty_time,qual_time,w_time
0,high_scarcity,5,5,369.0,1053.0,1302.0,5,5,1,0,0,1,10,10,10,5.0,0.00500178337097168,0.010324954986572266,0.008008241653442383
1,high_scarcity,5,5,245.0,995.0,1302.0,5,5,0,0,0,0,10,10,10,5.0,0.0010042190551757812,0.009601116180419922,0.00699925422668457
2,high_scarcity,5,5,433.0,1175.0,1302.0,5,5,1,2,0,0,10,10,10,5.0,0.0020008087158203125,0.006000995635986328,0.00699925422668457
3,high_scarcity,5,5,349.0,1047.0,1302.0,5,5,1,2,0,0,10,10,10,5.0,0.002001047134399414,0.0069997310638427734,0.004999399185180664
4,high_scarcity,5,5,663.0,1103.0,1302.0,5,5,1,0,0,1,10,10,10,5.0,0.003999948501586914,0.008001327514648438,0.0070002079010009766
5,high_scarcity,5,5,408.0,1092.0,1302.0,5,5,1,0,0,0,10,10,10,5.0,0.0030143260955810547,0.008000373840332031,0.006991386413574219
6,high_scarcity,5,5,469.0,1133.0,1302.0,5,5,1,0,0,0,10,10,10,5.0,0.001998424530029297,0.008550405502319336,0.007004261016845703
7,high_scarcity,5,5,474.0,1020.0,1302.0,5,5,1,0,0,0,10,10,10,5.0,0.0029969215393066406,0.009016752243041992,0.00652003288269043
8,high_scarcity,5,5,437.0,1055.0,1302.0,5,5,1,1,0,0,10,10,10,5.0,0.0020003318786621094,0.005987644195556641,0.005993366241455078
9,high_scarcity,5,5,387.0,1045.0,1302.0,5,5,1,0,1,1,10,10,10,4.0,0.004000186920166016,0.00800013542175293,0.007000446319580078
10,high_scarcity,5,5,669.0,1093.0,1302.0,5,5,0,0,0,0,10,10,10,5.0,0.0009999275207519531,0.007984399795532227,0.0069997310638427734
11,high_scarcity,5,5,487.0,1100.0,1302.0,5,5,1,0,0,0,10,10,10,5.0,0.002023935317993164,0.008980751037597656,0.008018255233764648
12,high_scarcity,5,5,377.0,1025.0,1302.0,5,5,0,1,1,1,10,10,10,4.0,0.003000020980834961,0.00700068473815918,0.006007671356201172
13,high_scarcity,5,5,380.0,1063.0,1302.0,5,5,1,0,0,0,10,10,10,5.0,0.003000020980834961,0.006015777587890625,0.0050008296966552734
14,high_scarcity,5,5,647.0,996.0,1302.0,5,5,1,0,1,1,10,10,10,4.0,0.002000093460083008,0.007008075714111328,0.007000446319580078
15,high_scarcity,5,5,253.0,990.0,1302.0,5,5,0,0,0,1,10,10,10,5.0,0.002000570297241211,0.00699162483215332,0.004991292953491211
16,high_scarcity,5,5,500.0,1151.0,1302.0,5,5,0,0,0,0,10,10,10,5.0,0.002000093460083008,0.011176109313964844,0.009102582931518555
17,high_scarcity,5,5,354.0,1051.0,1302.0,5,5,0,0,0,0,10,10,10,5.0,0.0030014514923095703,0.008005619049072266,0.007508993148803711
18,high_scarcity,5,5,380.0,982.0,1302.0,5,5,0,1,0,0,10,10,10,5.0,0.0030002593994140625,0.008560419082641602,0.006971836090087891
19,high_scarcity,5,5,461.0,1036.0,1302.0,5,5,0,0,1,1,10,10,10,4.0,0.001001119613647461,0.0069997310638427734,0.007004499435424805
20,high_scarcity,5,5,553.0,1114.0,1302.0,5,5,1,0,0,0,10,10,10,5.0,0.0009999275207519531,0.006983757019042969,0.00600886344909668
21,high_scarcity,5,5,343.0,1117.0,1302.0,5,5,0,0,1,1,10,10,10,4.0,0.0020067691802978516,0.007997274398803711,0.0060002803802490234
22,high_scarcity,5,5,390.0,1007.0,1302.0,5,5,0,0,0,1,10,10,10,5.0,0.0018002986907958984,0.00901031494140625,0.005000114440917969
23,high_scarcity,5,5,235.0,998.0,1302.0,5,5,0,0,1,1,10,10,10,4.0,0.0010006427764892578,0.00798344612121582,0.007018089294433594
24,high_scarcity,5,5,306.0,1013.0,1302.0,5,5,0,0,0,1,10,10,10,5.0,0.0010023117065429688,0.009003400802612305,0.00599980354309082
25,high_scarcity,5,5,318.0,1011.0,1302.0,5,5,0,0,1,1,10,10,10,4.0,0.002031087875366211,0.007992267608642578,0.0059773921966552734
26,high_scarcity,5,5,354.0,1060.0,1302.0,5,5,0,0,1,1,10,10,10,4.0,0.0010020732879638672,0.0060007572174072266,0.006000518798828125
27,high_scarcity,5,5,590.0,987.0,1302.0,5,5,0,0,0,0,10,10,10,5.0,0.0020585060119628906,0.00500035285949707,0.0050084590911865234
28,high_scarcity,5,5,398.0,1030.0,1302.0,5,5,0,0,1,1,10,10,10,4.0,0.002001523971557617,0.007999658584594727,0.00599980354309082
29,high_scarcity,5,5,437.0,1052.0,1302.0,5,5,0,0,0,0,10,10,10,5.0,0.003000497817993164,0.008570671081542969,0.0070323944091796875
0,medium_scarcity,5,5,535.0,1469.0,1659.0,5,5,1,0,1,1,15,15,15,4.0,0.0039997100830078125,0.009980201721191406,0.006998538970947266
1,medium_scarcity,5,5,435.0,1430.0,1659.0,5,5,0,0,0,0,15,15,15,5.0,0.004000186920166016,0.007999897003173828,0.00699925422668457
2,medium_scarcity,5,5,634.0,1597.0,1659.0,5,5,3,0,0,0,15,15,15,5.0,0.005002498626708984,0.011000871658325195,0.008012533187866211
3,medium_scarcity,5,5,579.0,1475.0,1659.0,5,5,1,1,0,0,15,15,15,5.0,0.0050008296966552734,0.007992267608642578,0.0070056915283203125
4,medium_scarcity,5,5,872.0,1519.0,1659.0,5,5,1,3,1,1,15,15,15,4.0,0.004002809524536133,0.009261608123779297,0.00899815559387207
5,medium_scarcity,5,5,641.0,1508.0,1659.0,5,5,1,1,0,0,15,15,15,5.0,0.0039980411529541016,0.009001731872558594,0.00699925422668457
6,medium_scarcity,5,5,708.0,1549.0,1659.0,5,5,2,2,0,0,15,15,15,5.0,0.004454374313354492,0.008015632629394531,0.0070383548736572266
7,medium_scarcity,5,5,762.0,1436.0,1659.0,5,5,1,1,0,0,15,15,15,5.0,0.003998994827270508,0.007999420166015625,0.006999969482421875
8,medium_scarcity,5,5,587.0,1483.0,1659.0,5,5,1,1,0,0,15,15,15,5.0,0.004000425338745117,0.008000850677490234,0.0069828033447265625
9,medium_scarcity,5,5,596.0,1473.0,1659.0,5,5,1,0,1,1,15,15,15,4.0,0.004000186920166016,0.011033296585083008,0.007539510726928711
10,medium_scarcity,5,5,592.0,1528.0,1659.0,5,5,0,0,0,0,15,15,15,5.0,0.003999948501586914,0.00798940658569336,0.007978200912475586
11,medium_scarcity,5,5,675.0,1516.0,1659.0,5,5,1,0,0,1,15,15,15,5.0,0.004000186920166016,0.009537458419799805,0.006988048553466797
12,medium_scarcity,5,5,557.0,1460.0,1659.0,5,5,0,1,1,1,15,15,15,4.0,0.004004716873168945,0.009996652603149414,0.006983041763305664
13,medium_scarcity,5,5,651.0,1479.0,1659.0,5,5,1,0,0,0,15,15,15,5.0,0.004030466079711914,0.008993864059448242,0.006998777389526367
14,medium_scarcity,5,5,616.0,1412.0,1659.0,5,5,1,0,1,1,15,15,15,4.0,0.004004240036010742,0.01000523567199707,0.006975650787353516
15,medium_scarcity,5,5,585.0,1425.0,1659.0,5,5,0,2,1,1,15,15,15,4.0,0.0039904117584228516,0.010981082916259766,0.007993936538696289
16,medium_scarcity,5,5,683.0,1586.0,1659.0,5,5,0,1,0,1,15,15,15,5.0,0.005000591278076172,0.008816242218017578,0.006981611251831055
17,medium_scarcity,5,5,583.0,1486.0,1659.0,5,5,0,0,0,0,15,15,15,5.0,0.004000663757324219,0.009002208709716797,0.006989002227783203
18,medium_scarcity,5,5,494.0,1417.0,1659.0,5,5,0,0,0,0,15,15,15,5.0,0.004541158676147461,0.009001016616821289,0.008046150207519531
19,medium_scarcity,5,5,509.0,1471.0,1659.0,5,5,0,0,1,2,15,15,15,4.0,0.003999948501586914,0.010027408599853516,0.006982564926147461
20,medium_scarcity,5,5,669.0,1530.0,1659.0,5,5,1,0,0,0,15,15,15,5.0,0.004000425338745117,0.00850987434387207,0.008000612258911133
21,medium_scarcity,5,5,649.0,1552.0,1659.0,5,5,1,0,1,1,15,15,15,4.0,0.006158351898193359,0.008005619049072266,0.006992340087890625
22,medium_scarcity,5,5,492.0,1442.0,1659.0,5,5,0,0,1,1,15,15,15,4.0,0.004090309143066406,0.008992910385131836,0.008008956909179688
23,medium_scarcity,5,5,572.0,1433.0,1659.0,5,5,0,0,1,3,15,15,15,4.0,0.005019187927246094,0.010020971298217773,0.00799417495727539
24,medium_scarcity,5,5,601.0,1448.0,1659.0,5,5,0,1,1,2,15,15,15,4.0,0.003999948501586914,0.007989883422851562,0.00800180435180664
25,medium_scarcity,5,5,537.0,1446.0,1659.0,5,5,0,2,1,1,15,15,15,4.0,0.0039997100830078125,0.008975505828857422,0.008002758026123047
26,medium_scarcity,5,5,592.0,1495.0,1659.0,5,5,0,1,1,2,15,15,15,4.0,0.004483222961425781,0.008989572525024414,0.0077762603759765625
27,medium_scarcity,5,5,536.0,1439.0,1659.0,5,5,0,2,0,0,15,15,15,5.0,0.0039997100830078125,0.010000228881835938,0.006983041763305664
28,medium_scarcity,5,5,618.0,1465.0,1659.0,5,5,0,0,1,1,15,15,15,4.0,0.003999948501586914,0.008019685745239258,0.006996870040893555
29,medium_scarcity,5,5,607.0,1487.0,1659.0,5,5,0,0,0,1,15,15,15,5.0,0.003999948501586914,0.009029388427734375,0.00852203369140625
0,low_scarcity,5,5,758.0,1817.0,1992.0,5,5,1,0,1,2,20,20,20,4.0,0.005001068115234375,0.010005474090576172,0.009000778198242188
1,low_scarcity,5,5,618.0,1787.0,1992.0,5,5,0,1,1,1,20,20,20,4.0,0.007436990737915039,0.008998394012451172,0.00797724723815918
2,low_scarcity,5,5,809.0,1938.0,1992.0,5,5,3,0,1,1,20,20,20,4.0,0.005001068115234375,0.009000778198242188,0.008000373840332031
3,low_scarcity,5,5,779.0,1823.0,1992.0,5,5,1,1,0,0,20,20,20,5.0,0.004998207092285156,0.008997917175292969,0.009002685546875
4,low_scarcity,5,5,988.0,1867.0,1992.0,5,5,2,4,1,1,20,20,20,4.0,0.003999948501586914,0.008532285690307617,0.00925588607788086
5,low_scarcity,5,5,788.0,1856.0,1992.0,5,5,1,1,0,1,20,20,20,5.0,0.006000041961669922,0.009550809860229492,0.008491277694702148
6,low_scarcity,5,5,823.0,1894.0,1992.0,5,5,3,2,0,0,20,20,20,5.0,0.00499272346496582,0.012000560760498047,0.009009599685668945
7,low_scarcity,5,5,923.0,1784.0,1992.0,5,5,1,2,0,0,20,20,20,5.0,0.0050008296966552734,0.009000539779663086,0.008000373840332031
8,low_scarcity,5,5,847.0,1831.0,1992.0,5,5,1,2,0,0,20,20,20,5.0,0.004999876022338867,0.01000070571899414,0.007983207702636719
9,low_scarcity,5,5,762.0,1821.0,1992.0,5,5,1,1,1,1,20,20,20,4.0,0.004517078399658203,0.010010242462158203,0.008509635925292969
10,low_scarcity,5,5,812.0,1885.0,1992.0,5,5,1,0,0,0,20,20,20,5.0,0.0055675506591796875,0.010001182556152344,0.007992029190063477
11,low_scarcity,5,5,899.0,1864.0,1992.0,5,5,1,0,1,1,20,20,20,4.0,0.005005836486816406,0.009515762329101562,0.009002208709716797
12,low_scarcity,5,5,777.0,1817.0,1992.0,5,5,1,1,1,1,20,20,20,4.0,0.005028724670410156,0.009989261627197266,0.007984638214111328
13,low_scarcity,5,5,780.0,1827.0,1992.0,5,5,1,0,0,0,20,20,20,5.0,0.005000591278076172,0.010411977767944336,0.00898122787475586
14,low_scarcity,5,5,777.0,1760.0,1992.0,5,5,1,0,1,1,20,20,20,4.0,0.004999399185180664,0.010029077529907227,0.008543729782104492
15,low_scarcity,5,5,709.0,1782.0,1992.0,5,5,0,2,1,1,20,20,20,4.0,0.004999876022338867,0.012003183364868164,0.00801396369934082
16,low_scarcity,5,5,868.0,1943.0,1992.0,5,5,1,1,1,2,20,20,20,4.0,0.005001068115234375,0.010384321212768555,0.007999420166015625
17,low_scarcity,5,5,782.0,1843.0,1992.0,5,5,0,0,0,0,20,20,20,5.0,0.004439830780029297,0.009238243103027344,0.007983207702636719
18,low_scarcity,5,5,661.0,1774.0,1992.0,5,5,0,0,0,0,20,20,20,5.0,0.004999876022338867,0.009000062942504883,0.008972644805908203
19,low_scarcity,5,5,713.0,1828.0,1992.0,5,5,0,0,2,2,20,20,20,3.0,0.003999948501586914,0.009171724319458008,0.007978677749633789
20,low_scarcity,5,5,831.0,1878.0,1992.0,5,5,2,1,0,0,20,20,20,5.0,0.005000114440917969,0.008990287780761719,0.007996559143066406
21,low_scarcity,5,5,869.0,1906.0,1992.0,5,5,1,0,1,1,20,20,20,4.0,0.005002737045288086,0.008998632431030273,0.008016586303710938
22,low_scarcity,5,5,718.0,1799.0,1992.0,5,5,1,1,1,1,20,20,20,4.0,0.005005836486816406,0.010396003723144531,0.008895158767700195
23,low_scarcity,5,5,652.0,1790.0,1992.0,5,5,0,1,3,3,20,20,20,2.0,0.005000114440917969,0.008994817733764648,0.008980035781860352
24,low_scarcity,5,5,749.0,1805.0,1992.0,5,5,0,1,3,3,20,20,20,2.0,0.005001068115234375,0.009000062942504883,0.006994009017944336
25,low_scarcity,5,5,770.0,1803.0,1992.0,5,5,0,2,1,1,20,20,20,4.0,0.005000114440917969,0.010001420974731445,0.00798940658569336
26,low_scarcity,5,5,776.0,1852.0,1992.0,5,5,1,2,2,2,20,20,20,3.0,0.0055506229400634766,0.008993148803710938,0.008574485778808594
27,low_scarcity,5,5,721.0,1796.0,1992.0,5,5,0,2,0,0,20,20,20,5.0,0.006000041961669922,0.00909876823425293,0.007981538772583008
28,low_scarcity,5,5,743.0,1822.0,1992.0,5,5,0,1,1,1,20,20,20,4.0,0.004459381103515625,0.009023666381835938,0.007538318634033203
29,low_scarcity,5,5,757.0,1844.0,1992.0,5,5,0,1,1,1,20,20,20,4.0,0.005000114440917969,0.009997844696044922,0.00898289680480957
